"Program","Year","Period","Week Ending","Geo Level","State","State ANSI","Ag District","Ag District Code","County","County ANSI","Zip Code","Region","watershed_code","Watershed","Commodity","Data Item","Domain","Domain Category","Value","CV (%)"
"SURVEY","2022","APR","","NATIONAL","US TOTAL","","","","","","","","00000000","","ALMONDS","ALMONDS - PRICE RECEIVED, PARITY, MEASURED IN $ / LB","TOTAL","NOT SPECIFIED","9.14",""
"SURVEY","2022","APR","","NATIONAL","US TOTAL","","","","","","","","00000000","","APPLES","APPLES, FRESH MARKET - PRICE RECEIVED, PARITY, MEASURED IN $ / LB","TOTAL","NOT SPECIFIED","1.51",""
"SURVEY","2022","APR","","NATIONAL","US TOTAL","","","","","","","","00000000","","APPLES","APPLES, PROCESSING - PRICE RECEIVED, PARITY, MEASURED IN $ / TON","TOTAL","NOT SPECIFIED","742",""
"SURVEY","2022","APR","","NATIONAL","US TOTAL","","","","","","","","00000000","","APRICOTS","APRICOTS, FRESH MARKET - PRICE RECEIVED, PARITY, MEASURED IN $ / TON","TOTAL","NOT SPECIFIED","4,500",""
"SURVEY","2022","APR","","NATIONAL","US TOTAL","","","","","","","","00000000","","AVOCADOS","AVOCADOS - PRICE RECEIVED, PARITY, MEASURED IN $ / TON","TOTAL","NOT SPECIFIED","6,660",""
"SURVEY","2022","APR","","NATIONAL","US TOTAL","","","","","","","","00000000","","CARROTS","CARROTS, FRESH MARKET - PRICE RECEIVED, PARITY, MEASURED IN $ / CWT","TOTAL","NOT SPECIFIED","97.6",""
"SURVEY","2022","APR","","NATIONAL","US TOTAL","","","","","","","","00000000","","CAULIFLOWER","CAULIFLOWER, FRESH MARKET - PRICE RECEIVED, PARITY, MEASURED IN $ / CWT","TOTAL","NOT SPECIFIED","157",""
"SURVEY","2022","APR","","NATIONAL","US TOTAL","","","","","","","","00000000","","CELERY","CELERY, FRESH MARKET - PRICE RECEIVED, PARITY, MEASURED IN $ / CWT","TOTAL","NOT SPECIFIED","76.7",""
"SURVEY","2022","APR","","NATIONAL","US TOTAL","","","","","","","","00000000","","CHERRIES","CHERRIES, SWEET - PRICE RECEIVED, PARITY, MEASURED IN $ / TON","TOTAL","NOT SPECIFIED","7,700",""
"SURVEY","2022","APR","","NATIONAL","US TOTAL","","","","","","","","00000000","","CHERRIES","CHERRIES, TART - PRICE RECEIVED, PARITY, MEASURED IN $ / LB","TOTAL","NOT SPECIFIED","1.08",""
"SURVEY","2022","APR","","NATIONAL","US TOTAL","","","","","","","","00000000","","CRANBERRIES","CRANBERRIES - PRICE RECEIVED, PARITY, MEASURED IN $ / BARREL","TOTAL","NOT SPECIFIED","120",""
"SURVEY","2022","APR","","NATIONAL","US TOTAL","","","","","","","","00000000","","DATES","DATES - PRICE RECEIVED, PARITY, MEASURED IN $ / TON","TOTAL","NOT SPECIFIED","7,920",""
"SURVEY","2022","APR","","NATIONAL","US TOTAL","","","","","","","","00000000","","GRAPEFRUIT","GRAPEFRUIT - PRICE RECEIVED, PARITY, MEASURED IN $ / BOX","TOTAL","NOT SPECIFIED","33.7",""
"SURVEY","2022","APR","","NATIONAL","US TOTAL","","","","","","","","00000000","","GRAPES","GRAPES, WINE TYPE - PRICE RECEIVED, PARITY, MEASURED IN $ / TON","TOTAL","NOT SPECIFIED","2,860",""
"SURVEY","2022","APR","","NATIONAL","US TOTAL","","","","","","","","00000000","","HAZELNUTS","HAZELNUTS - PRICE RECEIVED, PARITY, MEASURED IN $ / TON","TOTAL","NOT SPECIFIED","8,280",""
"SURVEY","2022","APR","","NATIONAL","US TOTAL","","","","","","","","00000000","","KIWIFRUIT","KIWIFRUIT - PRICE RECEIVED, PARITY, MEASURED IN $ / TON","TOTAL","NOT SPECIFIED","4,610",""
"SURVEY","2022","APR","","NATIONAL","US TOTAL","","","","","","","","00000000","","LEMONS","LEMONS - PRICE RECEIVED, PARITY, MEASURED IN $ / BOX","TOTAL","NOT SPECIFIED","73.1",""
"SURVEY","2022","APR","","NATIONAL","US TOTAL","","","","","","","","00000000","","LETTUCE","LETTUCE, HEAD - PRICE RECEIVED, PARITY, MEASURED IN $ / CWT","TOTAL","NOT SPECIFIED","95.8",""
"SURVEY","2022","APR","","NATIONAL","US TOTAL","","","","","","","","00000000","","MELONS","MELONS, HONEYDEW - PRICE RECEIVED, PARITY, MEASURED IN $ / CWT","TOTAL","NOT SPECIFIED","75.2",""
"SURVEY","2022","APR","","NATIONAL","US TOTAL","","","","","","","","00000000","","NECTARINES","NECTARINES, FRESH MARKET - PRICE RECEIVED, PARITY, MEASURED IN $ / TON","TOTAL","NOT SPECIFIED","3,030",""
"SURVEY","2022","APR","","NATIONAL","US TOTAL","","","","","","","","00000000","","OLIVES","OLIVES, PROCESSING, CANNED - PRICE RECEIVED, PARITY, MEASURED IN $ / TON","TOTAL","NOT SPECIFIED","4,030",""
"SURVEY","2022","APR","","NATIONAL","US TOTAL","","","","","","","","00000000","","ONIONS","ONIONS, DRY - PRICE RECEIVED, PARITY, MEASURED IN $ / CWT","TOTAL","NOT SPECIFIED","50.8",""
"SURVEY","2022","APR","","NATIONAL","US TOTAL","","","","","","","","00000000","","ORANGES","ORANGES - PRICE RECEIVED, PARITY, MEASURED IN $ / BOX","TOTAL","NOT SPECIFIED","38.5",""
"SURVEY","2022","APR","","NATIONAL","US TOTAL","","","","","","","","00000000","","PAPAYAS","PAPAYAS, FRESH MARKET - PRICE RECEIVED, PARITY, MEASURED IN $ / LB","TOTAL","NOT SPECIFIED","1.51",""
"SURVEY","2022","APR","","NATIONAL","US TOTAL","","","","","","","","00000000","","PEACHES","PEACHES, FRESH MARKET - PRICE RECEIVED, PARITY, MEASURED IN $ / TON","TOTAL","NOT SPECIFIED","4,000",""
"SURVEY","2022","APR","","NATIONAL","US TOTAL","","","","","","","","00000000","","PEARS","PEARS, FRESH MARKET - PRICE RECEIVED, PARITY, MEASURED IN $ / TON","TOTAL","NOT SPECIFIED","2,220",""
"SURVEY","2022","APR","","NATIONAL","US TOTAL","","","","","","","","00000000","","PISTACHIOS","PISTACHIOS - PRICE RECEIVED, PARITY, MEASURED IN $ / LB","TOTAL","NOT SPECIFIED","9.11",""
"SURVEY","2022","APR","","NATIONAL","US TOTAL","","","","","","","","00000000","","PLUMS","PLUMS, FRESH MARKET - PRICE RECEIVED, PARITY, MEASURED IN $ / TON","TOTAL","NOT SPECIFIED","3,080",""
"SURVEY","2022","APR","","NATIONAL","US TOTAL","","","","","","","","00000000","","POTATOES","POTATOES, FRESH MARKET - PRICE RECEIVED, PARITY, MEASURED IN $ / CWT","TOTAL","NOT SPECIFIED","39.2",""
"SURVEY","2022","APR","","NATIONAL","US TOTAL","","","","","","","","00000000","","STRAWBERRIES","STRAWBERRIES, FRESH MARKET - PRICE RECEIVED, PARITY, MEASURED IN $ / CWT","TOTAL","NOT SPECIFIED","367",""
"SURVEY","2022","APR","","NATIONAL","US TOTAL","","","","","","","","00000000","","STRAWBERRIES","STRAWBERRIES, PROCESSING - PRICE RECEIVED, PARITY, MEASURED IN $ / CWT","TOTAL","NOT SPECIFIED","142",""
"SURVEY","2022","APR","","NATIONAL","US TOTAL","","","","","","","","00000000","","SWEET POTATOES","SWEET POTATOES - PRICE RECEIVED, PARITY, MEASURED IN $ / CWT","TOTAL","NOT SPECIFIED","73.8",""
"SURVEY","2022","APR","","NATIONAL","US TOTAL","","","","","","","","00000000","","TOMATOES","TOMATOES, FRESH MARKET - PRICE RECEIVED, PARITY, MEASURED IN $ / CWT","TOTAL","NOT SPECIFIED","147",""
"SURVEY","2022","APR","","NATIONAL","US TOTAL","","","","","","","","00000000","","WALNUTS","WALNUTS, ENGLISH - PRICE RECEIVED, PARITY, MEASURED IN $ / TON","TOTAL","NOT SPECIFIED","8,100",""
"SURVEY","2022","AUG","","NATIONAL","US TOTAL","","","","","","","","00000000","","ALMONDS","ALMONDS - PRICE RECEIVED, PARITY, MEASURED IN $ / LB","TOTAL","NOT SPECIFIED","9.09",""
"SURVEY","2022","AUG","","NATIONAL","US TOTAL","","","","","","","","00000000","","APPLES","APPLES, FRESH MARKET - PRICE RECEIVED, PARITY, MEASURED IN $ / LB","TOTAL","NOT SPECIFIED","1.51",""
"SURVEY","2022","AUG","","NATIONAL","US TOTAL","","","","","","","","00000000","","APPLES","APPLES, PROCESSING - PRICE RECEIVED, PARITY, MEASURED IN $ / TON","TOTAL","NOT SPECIFIED","762",""
"SURVEY","2022","AUG","","NATIONAL","US TOTAL","","","","","","","","00000000","","APRICOTS","APRICOTS, FRESH MARKET - PRICE RECEIVED, PARITY, MEASURED IN $ / TON","TOTAL","NOT SPECIFIED","4,560",""
"SURVEY","2022","AUG","","NATIONAL","US TOTAL","","","","","","","","00000000","","AVOCADOS","AVOCADOS - PRICE RECEIVED, PARITY, MEASURED IN $ / TON","TOTAL","NOT SPECIFIED","6,920",""
"SURVEY","2022","AUG","","NATIONAL","US TOTAL","","","","","","","","00000000","","CARROTS","CARROTS, FRESH MARKET - PRICE RECEIVED, PARITY, MEASURED IN $ / CWT","TOTAL","NOT SPECIFIED","97.2",""
"SURVEY","2022","AUG","","NATIONAL","US TOTAL","","","","","","","","00000000","","CAULIFLOWER","CAULIFLOWER, FRESH MARKET - PRICE RECEIVED, PARITY, MEASURED IN $ / CWT","TOTAL","NOT SPECIFIED","155",""
"SURVEY","2022","AUG","","NATIONAL","US TOTAL","","","","","","","","00000000","","CELERY","CELERY, FRESH MARKET - PRICE RECEIVED, PARITY, MEASURED IN $ / CWT","TOTAL","NOT SPECIFIED","78.4",""
"SURVEY","2022","AUG","","NATIONAL","US TOTAL","","","","","","","","00000000","","CHERRIES","CHERRIES, SWEET - PRICE RECEIVED, PARITY, MEASURED IN $ / TON","TOTAL","NOT SPECIFIED","7,620",""
"SURVEY","2022","AUG","","NATIONAL","US TOTAL","","","","","","","","00000000","","CHERRIES","CHERRIES, TART - PRICE RECEIVED, PARITY, MEASURED IN $ / LB","TOTAL","NOT SPECIFIED","1.18",""
"SURVEY","2022","AUG","","NATIONAL","US TOTAL","","","","","","","","00000000","","CRANBERRIES","CRANBERRIES - PRICE RECEIVED, PARITY, MEASURED IN $ / BARREL","TOTAL","NOT SPECIFIED","118",""
"SURVEY","2022","AUG","","NATIONAL","US TOTAL","","","","","","","","00000000","","DATES","DATES - PRICE RECEIVED, PARITY, MEASURED IN $ / TON","TOTAL","NOT SPECIFIED","8,760",""
"SURVEY","2022","AUG","","NATIONAL","US TOTAL","","","","","","","","00000000","","GRAPEFRUIT","GRAPEFRUIT - PRICE RECEIVED, PARITY, MEASURED IN $ / BOX","TOTAL","NOT SPECIFIED","37.5",""
"SURVEY","2022","AUG","","NATIONAL","US TOTAL","","","","","","","","00000000","","GRAPES","GRAPES, WINE TYPE - PRICE RECEIVED, PARITY, MEASURED IN $ / TON","TOTAL","NOT SPECIFIED","2,980",""
"SURVEY","2022","AUG","","NATIONAL","US TOTAL","","","","","","","","00000000","","HAZELNUTS","HAZELNUTS - PRICE RECEIVED, PARITY, MEASURED IN $ / TON","TOTAL","NOT SPECIFIED","8,210",""
"SURVEY","2022","AUG","","NATIONAL","US TOTAL","","","","","","","","00000000","","KIWIFRUIT","KIWIFRUIT - PRICE RECEIVED, PARITY, MEASURED IN $ / TON","TOTAL","NOT SPECIFIED","5,190",""
"SURVEY","2022","AUG","","NATIONAL","US TOTAL","","","","","","","","00000000","","LEMONS","LEMONS - PRICE RECEIVED, PARITY, MEASURED IN $ / BOX","TOTAL","NOT SPECIFIED","76.9",""
"SURVEY","2022","AUG","","NATIONAL","US TOTAL","","","","","","","","00000000","","LETTUCE","LETTUCE, HEAD - PRICE RECEIVED, PARITY, MEASURED IN $ / CWT","TOTAL","NOT SPECIFIED","97.2",""
"SURVEY","2022","AUG","","NATIONAL","US TOTAL","","","","","","","","00000000","","MELONS","MELONS, HONEYDEW - PRICE RECEIVED, PARITY, MEASURED IN $ / CWT","TOTAL","NOT SPECIFIED","77.3",""
"SURVEY","2022","AUG","","NATIONAL","US TOTAL","","","","","","","","00000000","","NECTARINES","NECTARINES, FRESH MARKET - PRICE RECEIVED, PARITY, MEASURED IN $ / TON","TOTAL","NOT SPECIFIED","3,230",""
"SURVEY","2022","AUG","","NATIONAL","US TOTAL","","","","","","","","00000000","","OLIVES","OLIVES, PROCESSING, CANNED - PRICE RECEIVED, PARITY, MEASURED IN $ / TON","TOTAL","NOT SPECIFIED","4,010",""
"SURVEY","2022","AUG","","NATIONAL","US TOTAL","","","","","","","","00000000","","ONIONS","ONIONS, DRY - PRICE RECEIVED, PARITY, MEASURED IN $ / CWT","TOTAL","NOT SPECIFIED","53.4",""
"SURVEY","2022","AUG","","NATIONAL","US TOTAL","","","","","","","","00000000","","ORANGES","ORANGES - PRICE RECEIVED, PARITY, MEASURED IN $ / BOX","TOTAL","NOT SPECIFIED","39.7",""
"SURVEY","2022","AUG","","NATIONAL","US TOTAL","","","","","","","","00000000","","PAPAYAS","PAPAYAS, FRESH MARKET - PRICE RECEIVED, PARITY, MEASURED IN $ / LB","TOTAL","NOT SPECIFIED","1.66",""
"SURVEY","2022","AUG","","NATIONAL","US TOTAL","","","","","","","","00000000","","PEACHES","PEACHES, FRESH MARKET - PRICE RECEIVED, PARITY, MEASURED IN $ / TON","TOTAL","NOT SPECIFIED","4,160",""
"SURVEY","2022","AUG","","NATIONAL","US TOTAL","","","","","","","","00000000","","PEARS","PEARS, FRESH MARKET - PRICE RECEIVED, PARITY, MEASURED IN $ / TON","TOTAL","NOT SPECIFIED","2,260",""
"SURVEY","2022","AUG","","NATIONAL","US TOTAL","","","","","","","","00000000","","PISTACHIOS","PISTACHIOS - PRICE RECEIVED, PARITY, MEASURED IN $ / LB","TOTAL","NOT SPECIFIED","9.31",""
"SURVEY","2022","AUG","","NATIONAL","US TOTAL","","","","","","","","00000000","","PLUMS","PLUMS, FRESH MARKET - PRICE RECEIVED, PARITY, MEASURED IN $ / TON","TOTAL","NOT SPECIFIED","3,340",""
"SURVEY","2022","AUG","","NATIONAL","US TOTAL","","","","","","","","00000000","","POTATOES","POTATOES, FRESH MARKET - PRICE RECEIVED, PARITY, MEASURED IN $ / CWT","TOTAL","NOT SPECIFIED","39.4",""
"SURVEY","2022","AUG","","NATIONAL","US TOTAL","","","","","","","","00000000","","STRAWBERRIES","STRAWBERRIES, FRESH MARKET - PRICE RECEIVED, PARITY, MEASURED IN $ / CWT","TOTAL","NOT SPECIFIED","383",""
"SURVEY","2022","AUG","","NATIONAL","US TOTAL","","","","","","","","00000000","","STRAWBERRIES","STRAWBERRIES, PROCESSING - PRICE RECEIVED, PARITY, MEASURED IN $ / CWT","TOTAL","NOT SPECIFIED","152",""
"SURVEY","2022","AUG","","NATIONAL","US TOTAL","","","","","","","","00000000","","SWEET POTATOES","SWEET POTATOES - PRICE RECEIVED, PARITY, MEASURED IN $ / CWT","TOTAL","NOT SPECIFIED","75.4",""
"SURVEY","2022","AUG","","NATIONAL","US TOTAL","","","","","","","","00000000","","TOMATOES","TOMATOES, FRESH MARKET - PRICE RECEIVED, PARITY, MEASURED IN $ / CWT","TOTAL","NOT SPECIFIED","150",""
"SURVEY","2022","AUG","","NATIONAL","US TOTAL","","","","","","","","00000000","","WALNUTS","WALNUTS, ENGLISH - PRICE RECEIVED, PARITY, MEASURED IN $ / TON","TOTAL","NOT SPECIFIED","7,580",""
"SURVEY","2022","DEC","","NATIONAL","US TOTAL","","","","","","","","00000000","","ALMONDS","ALMONDS - PRICE RECEIVED, PARITY, MEASURED IN $ / LB","TOTAL","NOT SPECIFIED","9.16",""
"SURVEY","2022","DEC","","NATIONAL","US TOTAL","","","","","","","","00000000","","APPLES","APPLES, FRESH MARKET - PRICE RECEIVED, PARITY, MEASURED IN $ / LB","TOTAL","NOT SPECIFIED","1.52",""
"SURVEY","2022","DEC","","NATIONAL","US TOTAL","","","","","","","","00000000","","APPLES","APPLES, PROCESSING - PRICE RECEIVED, PARITY, MEASURED IN $ / LB","TOTAL","NOT SPECIFIED","768",""
"SURVEY","2022","DEC","","NATIONAL","US TOTAL","","","","","","","","00000000","","APRICOTS","APRICOTS, FRESH MARKET - PRICE RECEIVED, PARITY, MEASURED IN $ / TON","TOTAL","NOT SPECIFIED","4,600",""
"SURVEY","2022","DEC","","NATIONAL","US TOTAL","","","","","","","","00000000","","APRICOTS","APRICOTS, PROCESSING - PRICE RECEIVED, PARITY, MEASURED IN $ / TON","TOTAL","NOT SPECIFIED","1,940",""
"SURVEY","2022","DEC","","NATIONAL","US TOTAL","","","","","","","","00000000","","ASPARAGUS","ASPARAGUS, FRESH MARKET - PRICE RECEIVED, PARITY, MEASURED IN $ / CWT","TOTAL","NOT SPECIFIED","438",""
"SURVEY","2022","DEC","","NATIONAL","US TOTAL","","","","","","","","00000000","","ASPARAGUS","ASPARAGUS, PROCESSING - PRICE RECEIVED, PARITY, MEASURED IN $ / TON","TOTAL","NOT SPECIFIED","5,490",""
"SURVEY","2022","DEC","","NATIONAL","US TOTAL","","","","","","","","00000000","","AVOCADOS","AVOCADOS - PRICE RECEIVED, PARITY, MEASURED IN $ / TON","TOTAL","NOT SPECIFIED","6,970",""
"SURVEY","2022","DEC","","NATIONAL","US TOTAL","","","","","","","","00000000","","BEANS","BEANS, SNAP, PROCESSING - PRICE RECEIVED, PARITY, MEASURED IN $ / CWT","TOTAL","NOT SPECIFIED","738",""
"SURVEY","2022","DEC","","NATIONAL","US TOTAL","","","","","","","","00000000","","BROCCOLI","BROCCOLI, FRESH MARKET - PRICE RECEIVED, PARITY, MEASURED IN $ / CWT","TOTAL","NOT SPECIFIED","158",""
"SURVEY","2022","DEC","","NATIONAL","US TOTAL","","","","","","","","00000000","","CARROTS","CARROTS, FRESH MARKET - PRICE RECEIVED, PARITY, MEASURED IN $ / CWT","TOTAL","NOT SPECIFIED","97.9",""
"SURVEY","2022","DEC","","NATIONAL","US TOTAL","","","","","","","","00000000","","CAULIFLOWER","CAULIFLOWER, FRESH MARKET - PRICE RECEIVED, PARITY, MEASURED IN $ / CWT","TOTAL","NOT SPECIFIED","156",""
"SURVEY","2022","DEC","","NATIONAL","US TOTAL","","","","","","","","00000000","","CELERY","CELERY, FRESH MARKET - PRICE RECEIVED, PARITY, MEASURED IN $ / CWT","TOTAL","NOT SPECIFIED","79",""
"SURVEY","2022","DEC","","NATIONAL","US TOTAL","","","","","","","","00000000","","CHERRIES","CHERRIES, SWEET - PRICE RECEIVED, PARITY, MEASURED IN $ / TON","TOTAL","NOT SPECIFIED","7,680",""
"SURVEY","2022","DEC","","NATIONAL","US TOTAL","","","","","","","","00000000","","CHERRIES","CHERRIES, TART - PRICE RECEIVED, PARITY, MEASURED IN $ / LB","TOTAL","NOT SPECIFIED","1.19",""
"SURVEY","2022","DEC","","NATIONAL","US TOTAL","","","","","","","","00000000","","CRANBERRIES","CRANBERRIES - PRICE RECEIVED, PARITY, MEASURED IN $ / BARREL","TOTAL","NOT SPECIFIED","119",""
"SURVEY","2022","DEC","","NATIONAL","US TOTAL","","","","","","","","00000000","","DATES","DATES - PRICE RECEIVED, PARITY, MEASURED IN $ / TON","TOTAL","NOT SPECIFIED","8,830",""
"SURVEY","2022","DEC","","NATIONAL","US TOTAL","","","","","","","","00000000","","GRAPEFRUIT","GRAPEFRUIT - PRICE RECEIVED, PARITY, MEASURED IN $ / BOX","TOTAL","NOT SPECIFIED","37.8",""
"SURVEY","2022","DEC","","NATIONAL","US TOTAL","","","","","","","","00000000","","GRAPES","GRAPES, WINE TYPE, PROCESSING - PRICE RECEIVED, PARITY, MEASURED IN $ / TON","TOTAL","NOT SPECIFIED","3,000",""
"SURVEY","2022","DEC","","NATIONAL","US TOTAL","","","","","","","","00000000","","HAZELNUTS","HAZELNUTS - PRICE RECEIVED, PARITY, MEASURED IN $ / TON","TOTAL","NOT SPECIFIED","8,270",""
"SURVEY","2022","DEC","","NATIONAL","US TOTAL","","","","","","","","00000000","","KIWIFRUIT","KIWIFRUIT - PRICE RECEIVED, PARITY, MEASURED IN $ / TON","TOTAL","NOT SPECIFIED","5,230",""
"SURVEY","2022","DEC","","NATIONAL","US TOTAL","","","","","","","","00000000","","LEMONS","LEMONS - PRICE RECEIVED, PARITY, MEASURED IN $ / BOX","TOTAL","NOT SPECIFIED","77.5",""
"SURVEY","2022","DEC","","NATIONAL","US TOTAL","","","","","","","","00000000","","LETTUCE","LETTUCE, HEAD - PRICE RECEIVED, PARITY, MEASURED IN $ / CWT","TOTAL","NOT SPECIFIED","97.9",""
"SURVEY","2022","DEC","","NATIONAL","US TOTAL","","","","","","","","00000000","","MELONS","MELONS, HONEYDEW - PRICE RECEIVED, PARITY, MEASURED IN $ / CWT","TOTAL","NOT SPECIFIED","77.9",""
"SURVEY","2022","DEC","","NATIONAL","US TOTAL","","","","","","","","00000000","","NECTARINES","NECTARINES, FRESH MARKET - PRICE RECEIVED, PARITY, MEASURED IN $ / TON","TOTAL","NOT SPECIFIED","3,260",""
"SURVEY","2022","DEC","","NATIONAL","US TOTAL","","","","","","","","00000000","","OLIVES","OLIVES, PROCESSING, (EXCL CRUSHED) - PRICE RECEIVED, PARITY, MEASURED IN $ / TON","TOTAL","NOT SPECIFIED","3,500",""
"SURVEY","2022","DEC","","NATIONAL","US TOTAL","","","","","","","","00000000","","OLIVES","OLIVES, PROCESSING, CANNED - PRICE RECEIVED, PARITY, MEASURED IN $ / TON","TOTAL","NOT SPECIFIED","4,040",""
"SURVEY","2022","DEC","","NATIONAL","US TOTAL","","","","","","","","00000000","","OLIVES","OLIVES, PROCESSING, CRUSHED - PRICE RECEIVED, PARITY, MEASURED IN $ / TON","TOTAL","NOT SPECIFIED","2,360",""
"SURVEY","2022","DEC","","NATIONAL","US TOTAL","","","","","","","","00000000","","ONIONS","ONIONS, DRY - PRICE RECEIVED, PARITY, MEASURED IN $ / CWT","TOTAL","NOT SPECIFIED","53.8",""
"SURVEY","2022","DEC","","NATIONAL","US TOTAL","","","","","","","","00000000","","ORANGES","ORANGES - PRICE RECEIVED, PARITY, MEASURED IN $ / BOX","TOTAL","NOT SPECIFIED","40.1",""
"SURVEY","2022","DEC","","NATIONAL","US TOTAL","","","","","","","","00000000","","PAPAYAS","PAPAYAS, FRESH MARKET - PRICE RECEIVED, PARITY, MEASURED IN $ / LB","TOTAL","NOT SPECIFIED","1.67",""
"SURVEY","2022","DEC","","NATIONAL","US TOTAL","","","","","","","","00000000","","PEACHES","PEACHES, FRESH MARKET - PRICE RECEIVED, PARITY, MEASURED IN $ / TON","TOTAL","NOT SPECIFIED","4,190",""
"SURVEY","2022","DEC","","NATIONAL","US TOTAL","","","","","","","","00000000","","PEARS","PEARS, FRESH MARKET - PRICE RECEIVED, PARITY, MEASURED IN $ / TON","TOTAL","NOT SPECIFIED","2,280",""
"SURVEY","2022","DEC","","NATIONAL","US TOTAL","","","","","","","","00000000","","PEAS","PEAS, GREEN, PROCESSING - PRICE RECEIVED, PARITY, MEASURED IN $ / TON","TOTAL","NOT SPECIFIED","1,080",""
"SURVEY","2022","DEC","","NATIONAL","US TOTAL","","","","","","","","00000000","","PECANS","PECANS - PRICE RECEIVED, PARITY, MEASURED IN $ / TON","TOTAL","NOT SPECIFIED","6.79",""
"SURVEY","2022","DEC","","NATIONAL","US TOTAL","","","","","","","","00000000","","PISTACHIOS","PISTACHIOS - PRICE RECEIVED, PARITY, MEASURED IN $ / LB","TOTAL","NOT SPECIFIED","9.38",""
"SURVEY","2022","DEC","","NATIONAL","US TOTAL","","","","","","","","00000000","","PLUMS","PLUMS, FRESH MARKET - PRICE RECEIVED, PARITY, MEASURED IN $ / TON","TOTAL","NOT SPECIFIED","3,370",""
"SURVEY","2022","DEC","","NATIONAL","US TOTAL","","","","","","","","00000000","","POTATOES","POTATOES, FRESH MARKET - PRICE RECEIVED, PARITY, MEASURED IN $ / CWT","TOTAL","NOT SPECIFIED","39.7",""
"SURVEY","2022","DEC","","NATIONAL","US TOTAL","","","","","","","","00000000","","PRUNES","PRUNES, PROCESSING - PRICE RECEIVED, PARITY, MEASURED IN $ / TON","TOTAL","NOT SPECIFIED","964",""
"SURVEY","2022","DEC","","NATIONAL","US TOTAL","","","","","","","","00000000","","PRUNES","PRUNES, PROCESSING, DRIED - PRICE RECEIVED, PARITY, MEASURED IN $ / TON, DRY BASIS","TOTAL","NOT SPECIFIED","6,820",""
"SURVEY","2022","DEC","","NATIONAL","US TOTAL","","","","","","","","00000000","","STRAWBERRIES","STRAWBERRIES, FRESH MARKET - PRICE RECEIVED, PARITY, MEASURED IN $ / CWT","TOTAL","NOT SPECIFIED","386",""
"SURVEY","2022","DEC","","NATIONAL","US TOTAL","","","","","","","","00000000","","STRAWBERRIES","STRAWBERRIES, PROCESSING - PRICE RECEIVED, PARITY, MEASURED IN $ / TON","TOTAL","NOT SPECIFIED","153",""
"SURVEY","2022","DEC","","NATIONAL","US TOTAL","","","","","","","","00000000","","SWEET CORN","SWEET CORN, FRESH MARKET - PRICE RECEIVED, PARITY, MEASURED IN $ / CWT","TOTAL","NOT SPECIFIED","106",""
"SURVEY","2022","DEC","","NATIONAL","US TOTAL","","","","","","","","00000000","","SWEET CORN","SWEET CORN, PROCESSING - PRICE RECEIVED, PARITY, MEASURED IN $ / TON","TOTAL","NOT SPECIFIED","335",""
"SURVEY","2022","DEC","","NATIONAL","US TOTAL","","","","","","","","00000000","","SWEET POTATOES","SWEET POTATOES - PRICE RECEIVED, PARITY, MEASURED IN $ / CWT","TOTAL","NOT SPECIFIED","76",""
"SURVEY","2022","DEC","","NATIONAL","US TOTAL","","","","","","","","00000000","","TANGERINES","TANGERINES - PRICE RECEIVED, PARITY, MEASURED IN $ / BOX","TOTAL","NOT SPECIFIED","79.4",""
"SURVEY","2022","DEC","","NATIONAL","US TOTAL","","","","","","","","00000000","","TOMATOES","TOMATOES, FRESH MARKET - PRICE RECEIVED, PARITY, MEASURED IN $ / CWT","TOTAL","NOT SPECIFIED","151",""
"SURVEY","2022","DEC","","NATIONAL","US TOTAL","","","","","","","","00000000","","TOMATOES","TOMATOES, PROCESSING - PRICE RECEIVED, PARITY, MEASURED IN $ / TON","TOTAL","NOT SPECIFIED","297",""
"SURVEY","2022","DEC","","NATIONAL","US TOTAL","","","","","","","","00000000","","WALNUTS","WALNUTS, ENGLISH - PRICE RECEIVED, PARITY, MEASURED IN $ / TON","TOTAL","NOT SPECIFIED","7,640",""
"SURVEY","2022","FEB","","NATIONAL","US TOTAL","","","","","","","","00000000","","ALMONDS","ALMONDS - PRICE RECEIVED, PARITY, MEASURED IN $ / LB","TOTAL","NOT SPECIFIED","8.68",""
"SURVEY","2022","FEB","","NATIONAL","US TOTAL","","","","","","","","00000000","","APPLES","APPLES, FRESH MARKET - PRICE RECEIVED, PARITY, MEASURED IN $ / LB","TOTAL","NOT SPECIFIED","1.43",""
"SURVEY","2022","FEB","","NATIONAL","US TOTAL","","","","","","","","00000000","","APPLES","APPLES, PROCESSING - PRICE RECEIVED, PARITY, MEASURED IN $ / TON","TOTAL","NOT SPECIFIED","704",""
"SURVEY","2022","FEB","","NATIONAL","US TOTAL","","","","","","","","00000000","","APRICOTS","APRICOTS, FRESH MARKET - PRICE RECEIVED, PARITY, MEASURED IN $ / TON","TOTAL","NOT SPECIFIED","4,270",""
"SURVEY","2022","FEB","","NATIONAL","US TOTAL","","","","","","","","00000000","","AVOCADOS","AVOCADOS - PRICE RECEIVED, PARITY, MEASURED IN $ / TON","TOTAL","NOT SPECIFIED","6,320",""
"SURVEY","2022","FEB","","NATIONAL","US TOTAL","","","","","","","","00000000","","CARROTS","CARROTS, FRESH MARKET - PRICE RECEIVED, PARITY, MEASURED IN $ / CWT","TOTAL","NOT SPECIFIED","92.6",""
"SURVEY","2022","FEB","","NATIONAL","US TOTAL","","","","","","","","00000000","","CAULIFLOWER","CAULIFLOWER, FRESH MARKET - PRICE RECEIVED, PARITY, MEASURED IN $ / CWT","TOTAL","NOT SPECIFIED","149",""
"SURVEY","2022","FEB","","NATIONAL","US TOTAL","","","","","","","","00000000","","CELERY","CELERY, FRESH MARKET - PRICE RECEIVED, PARITY, MEASURED IN $ / CWT","TOTAL","NOT SPECIFIED","72.8",""
"SURVEY","2022","FEB","","NATIONAL","US TOTAL","","","","","","","","00000000","","CHERRIES","CHERRIES, SWEET - PRICE RECEIVED, PARITY, MEASURED IN $ / TON","TOTAL","NOT SPECIFIED","7,310",""
"SURVEY","2022","FEB","","NATIONAL","US TOTAL","","","","","","","","00000000","","CHERRIES","CHERRIES, TART - PRICE RECEIVED, PARITY, MEASURED IN $ / LB","TOTAL","NOT SPECIFIED","1.02",""
"SURVEY","2022","FEB","","NATIONAL","US TOTAL","","","","","","","","00000000","","CRANBERRIES","CRANBERRIES - PRICE RECEIVED, PARITY, MEASURED IN $ / BARREL","TOTAL","NOT SPECIFIED","113",""
"SURVEY","2022","FEB","","NATIONAL","US TOTAL","","","","","","","","00000000","","DATES","DATES - PRICE RECEIVED, PARITY, MEASURED IN $ / TON","TOTAL","NOT SPECIFIED","7,520",""
"SURVEY","2022","FEB","","NATIONAL","US TOTAL","","","","","","","","00000000","","GRAPEFRUIT","GRAPEFRUIT - PRICE RECEIVED, PARITY, MEASURED IN $ / BOX","TOTAL","NOT SPECIFIED","32",""
"SURVEY","2022","FEB","","NATIONAL","US TOTAL","","","","","","","","00000000","","GRAPES","GRAPES, WINE TYPE - PRICE RECEIVED, PARITY, MEASURED IN $ / TON","TOTAL","NOT SPECIFIED","2,710",""
"SURVEY","2022","FEB","","NATIONAL","US TOTAL","","","","","","","","00000000","","HAZELNUTS","HAZELNUTS - PRICE RECEIVED, PARITY, MEASURED IN $ / TON","TOTAL","NOT SPECIFIED","7,860",""
"SURVEY","2022","FEB","","NATIONAL","US TOTAL","","","","","","","","00000000","","KIWIFRUIT","KIWIFRUIT - PRICE RECEIVED, PARITY, MEASURED IN $ / TON","TOTAL","NOT SPECIFIED","4,370",""
"SURVEY","2022","FEB","","NATIONAL","US TOTAL","","","","","","","","00000000","","LEMONS","LEMONS - PRICE RECEIVED, PARITY, MEASURED IN $ / BOX","TOTAL","NOT SPECIFIED","69.3",""
"SURVEY","2022","FEB","","NATIONAL","US TOTAL","","","","","","","","00000000","","LETTUCE","LETTUCE, HEAD - PRICE RECEIVED, PARITY, MEASURED IN $ / CWT","TOTAL","NOT SPECIFIED","90.9",""
"SURVEY","2022","FEB","","NATIONAL","US TOTAL","","","","","","","","00000000","","MELONS","MELONS, HONEYDEW - PRICE RECEIVED, PARITY, MEASURED IN $ / CWT","TOTAL","NOT SPECIFIED","71.4",""
"SURVEY","2022","FEB","","NATIONAL","US TOTAL","","","","","","","","00000000","","NECTARINES","NECTARINES, FRESH MARKET - PRICE RECEIVED, PARITY, MEASURED IN $ / TON","TOTAL","NOT SPECIFIED","2,880",""
"SURVEY","2022","FEB","","NATIONAL","US TOTAL","","","","","","","","00000000","","OLIVES","OLIVES, PROCESSING, CANNED - PRICE RECEIVED, PARITY, MEASURED IN $ / TON","TOTAL","NOT SPECIFIED","3,830",""
"SURVEY","2022","FEB","","NATIONAL","US TOTAL","","","","","","","","00000000","","ONIONS","ONIONS, DRY - PRICE RECEIVED, PARITY, MEASURED IN $ / CWT","TOTAL","NOT SPECIFIED","48.2",""
"SURVEY","2022","FEB","","NATIONAL","US TOTAL","","","","","","","","00000000","","ORANGES","ORANGES - PRICE RECEIVED, PARITY, MEASURED IN $ / BOX","TOTAL","NOT SPECIFIED","36.6",""
"SURVEY","2022","FEB","","NATIONAL","US TOTAL","","","","","","","","00000000","","PAPAYAS","PAPAYAS, FRESH MARKET - PRICE RECEIVED, PARITY, MEASURED IN $ / LB","TOTAL","NOT SPECIFIED","1.43",""
"SURVEY","2022","FEB","","NATIONAL","US TOTAL","","","","","","","","00000000","","PEACHES","PEACHES, FRESH MARKET - PRICE RECEIVED, PARITY, MEASURED IN $ / TON","TOTAL","NOT SPECIFIED","3,790",""
"SURVEY","2022","FEB","","NATIONAL","US TOTAL","","","","","","","","00000000","","PEARS","PEARS, FRESH MARKET - PRICE RECEIVED, PARITY, MEASURED IN $ / TON","TOTAL","NOT SPECIFIED","2,110",""
"SURVEY","2022","FEB","","NATIONAL","US TOTAL","","","","","","","","00000000","","PISTACHIOS","PISTACHIOS - PRICE RECEIVED, PARITY, MEASURED IN $ / LB","TOTAL","NOT SPECIFIED","8.64",""
"SURVEY","2022","FEB","","NATIONAL","US TOTAL","","","","","","","","00000000","","PLUMS","PLUMS, FRESH MARKET - PRICE RECEIVED, PARITY, MEASURED IN $ / TON","TOTAL","NOT SPECIFIED","2,920",""
"SURVEY","2022","FEB","","NATIONAL","US TOTAL","","","","","","","","00000000","","POTATOES","POTATOES, FRESH MARKET - PRICE RECEIVED, PARITY, MEASURED IN $ / CWT","TOTAL","NOT SPECIFIED","37.2",""
"SURVEY","2022","FEB","","NATIONAL","US TOTAL","","","","","","","","00000000","","STRAWBERRIES","STRAWBERRIES, FRESH MARKET - PRICE RECEIVED, PARITY, MEASURED IN $ / CWT","TOTAL","NOT SPECIFIED","348",""
"SURVEY","2022","FEB","","NATIONAL","US TOTAL","","","","","","","","00000000","","STRAWBERRIES","STRAWBERRIES, PROCESSING - PRICE RECEIVED, PARITY, MEASURED IN $ / CWT","TOTAL","NOT SPECIFIED","135",""
"SURVEY","2022","FEB","","NATIONAL","US TOTAL","","","","","","","","00000000","","SWEET POTATOES","SWEET POTATOES - PRICE RECEIVED, PARITY, MEASURED IN $ / CWT","TOTAL","NOT SPECIFIED","70",""
"SURVEY","2022","FEB","","NATIONAL","US TOTAL","","","","","","","","00000000","","TOMATOES","TOMATOES, FRESH MARKET - PRICE RECEIVED, PARITY, MEASURED IN $ / CWT","TOTAL","NOT SPECIFIED","139",""
"SURVEY","2022","FEB","","NATIONAL","US TOTAL","","","","","","","","00000000","","WALNUTS","WALNUTS, ENGLISH - PRICE RECEIVED, PARITY, MEASURED IN $ / TON","TOTAL","NOT SPECIFIED","7,690",""
"SURVEY","2022","JAN","","NATIONAL","US TOTAL","","","","","","","","00000000","","ALMONDS","ALMONDS - PRICE RECEIVED, PARITY, MEASURED IN $ / LB","TOTAL","NOT SPECIFIED","8.54",""
"SURVEY","2022","JAN","","NATIONAL","US TOTAL","","","","","","","","00000000","","APPLES","APPLES, FRESH MARKET - PRICE RECEIVED, PARITY, MEASURED IN $ / LB","TOTAL","NOT SPECIFIED","1.41",""
"SURVEY","2022","JAN","","NATIONAL","US TOTAL","","","","","","","","00000000","","APPLES","APPLES, PROCESSING - PRICE RECEIVED, PARITY, MEASURED IN $ / TON","TOTAL","NOT SPECIFIED","692",""
"SURVEY","2022","JAN","","NATIONAL","US TOTAL","","","","","","","","00000000","","APRICOTS","APRICOTS, FRESH MARKET - PRICE RECEIVED, PARITY, MEASURED IN $ / TON","TOTAL","NOT SPECIFIED","4,200",""
"SURVEY","2022","JAN","","NATIONAL","US TOTAL","","","","","","","","00000000","","APRICOTS","APRICOTS, PROCESSING, (EXCL DRIED) - PRICE RECEIVED, PARITY, MEASURED IN $ / TON","TOTAL","NOT SPECIFIED","1,750",""
"SURVEY","2022","JAN","","NATIONAL","US TOTAL","","","","","","","","00000000","","APRICOTS","APRICOTS, PROCESSING, DRIED - PRICE RECEIVED, PARITY, MEASURED IN $ / TON, DRY BASIS","TOTAL","NOT SPECIFIED","10,520",""
"SURVEY","2022","JAN","","NATIONAL","US TOTAL","","","","","","","","00000000","","ARTICHOKES","ARTICHOKES, FRESH MARKET - PRICE RECEIVED, PARITY, MEASURED IN $ / CWT","TOTAL","NOT SPECIFIED","153",""
"SURVEY","2022","JAN","","NATIONAL","US TOTAL","","","","","","","","00000000","","ASPARAGUS","ASPARAGUS, FRESH MARKET - PRICE RECEIVED, PARITY, MEASURED IN $ / CWT","TOTAL","NOT SPECIFIED","403",""
"SURVEY","2022","JAN","","NATIONAL","US TOTAL","","","","","","","","00000000","","ASPARAGUS","ASPARAGUS, PROCESSING - PRICE RECEIVED, PARITY, MEASURED IN $ / CWT","TOTAL","NOT SPECIFIED","5,080",""
"SURVEY","2022","JAN","","NATIONAL","US TOTAL","","","","","","","","00000000","","AVOCADOS","AVOCADOS - PRICE RECEIVED, PARITY, MEASURED IN $ / TON","TOTAL","NOT SPECIFIED","6,220",""
"SURVEY","2022","JAN","","NATIONAL","US TOTAL","","","","","","","","00000000","","BEANS","BEANS, GREEN, LIMA, PROCESSING - PRICE RECEIVED, PARITY, MEASURED IN $ / CWT","TOTAL","NOT SPECIFIED","2,250",""
"SURVEY","2022","JAN","","NATIONAL","US TOTAL","","","","","","","","00000000","","BEANS","BEANS, SNAP, FRESH MARKET - PRICE RECEIVED, PARITY, MEASURED IN $ / CWT","TOTAL","NOT SPECIFIED","152",""
"SURVEY","2022","JAN","","NATIONAL","US TOTAL","","","","","","","","00000000","","BEANS","BEANS, SNAP, PROCESSING - PRICE RECEIVED, PARITY, MEASURED IN $ / CWT","TOTAL","NOT SPECIFIED","709",""
"SURVEY","2022","JAN","","NATIONAL","US TOTAL","","","","","","","","00000000","","BEETS","BEETS, PROCESSING - PRICE RECEIVED, PARITY, MEASURED IN $ / CWT","TOTAL","NOT SPECIFIED","262",""
"SURVEY","2022","JAN","","NATIONAL","US TOTAL","","","","","","","","00000000","","BLACKBERRIES","BLACKBERRIES - PRICE RECEIVED, PARITY, MEASURED IN $ / LB","TOTAL","NOT SPECIFIED","20.8",""
"SURVEY","2022","JAN","","NATIONAL","US TOTAL","","","","","","","","00000000","","BOYSENBERRIES","BOYSENBERRIES - PRICE RECEIVED, PARITY, MEASURED IN $ / LB","TOTAL","NOT SPECIFIED","2.96",""
"SURVEY","2022","JAN","","NATIONAL","US TOTAL","","","","","","","","00000000","","BROCCOLI","BROCCOLI, FRESH MARKET - PRICE RECEIVED, PARITY, MEASURED IN $ / CWT","TOTAL","NOT SPECIFIED","141",""
"SURVEY","2022","JAN","","NATIONAL","US TOTAL","","","","","","","","00000000","","CABBAGE","CABBAGE, FRESH MARKET - PRICE RECEIVED, PARITY, MEASURED IN $ / CWT","TOTAL","NOT SPECIFIED","46.4",""
"SURVEY","2022","JAN","","NATIONAL","US TOTAL","","","","","","","","00000000","","CABBAGE","CABBAGE, PROCESSING - PRICE RECEIVED, PARITY, MEASURED IN $ / CWT","TOTAL","NOT SPECIFIED","202",""
"SURVEY","2022","JAN","","NATIONAL","US TOTAL","","","","","","","","00000000","","CARROTS","CARROTS, FRESH MARKET - PRICE RECEIVED, PARITY, MEASURED IN $ / CWT","TOTAL","NOT SPECIFIED","91.1",""
"SURVEY","2022","JAN","","NATIONAL","US TOTAL","","","","","","","","00000000","","CAULIFLOWER","CAULIFLOWER, FRESH MARKET - PRICE RECEIVED, PARITY, MEASURED IN $ / CWT","TOTAL","NOT SPECIFIED","146",""
"SURVEY","2022","JAN","","NATIONAL","US TOTAL","","","","","","","","00000000","","CELERY","CELERY, FRESH MARKET - PRICE RECEIVED, PARITY, MEASURED IN $ / CWT","TOTAL","NOT SPECIFIED","71.6",""
"SURVEY","2022","JAN","","NATIONAL","US TOTAL","","","","","","","","00000000","","CHERRIES","CHERRIES, SWEET - PRICE RECEIVED, PARITY, MEASURED IN $ / TON","TOTAL","NOT SPECIFIED","7,190",""
"SURVEY","2022","JAN","","NATIONAL","US TOTAL","","","","","","","","00000000","","CHERRIES","CHERRIES, TART - PRICE RECEIVED, PARITY, MEASURED IN $ / LB","TOTAL","NOT SPECIFIED","1.01",""
"SURVEY","2022","JAN","","NATIONAL","US TOTAL","","","","","","","","00000000","","CRANBERRIES","CRANBERRIES - PRICE RECEIVED, PARITY, MEASURED IN $ / BARREL","TOTAL","NOT SPECIFIED","112",""
"SURVEY","2022","JAN","","NATIONAL","US TOTAL","","","","","","","","00000000","","CUCUMBERS","CUCUMBERS, FRESH MARKET - PRICE RECEIVED, PARITY, MEASURED IN $ / CWT","TOTAL","NOT SPECIFIED","76.6",""
"SURVEY","2022","JAN","","NATIONAL","US TOTAL","","","","","","","","00000000","","DATES","DATES - PRICE RECEIVED, PARITY, MEASURED IN $ / TON","TOTAL","NOT SPECIFIED","7,390",""
"SURVEY","2022","JAN","","NATIONAL","US TOTAL","","","","","","","","00000000","","EGGPLANT","EGGPLANT, FRESH MARKET - PRICE RECEIVED, PARITY, MEASURED IN $ / CWT","TOTAL","NOT SPECIFIED","81",""
"SURVEY","2022","JAN","","NATIONAL","US TOTAL","","","","","","","","00000000","","GARLIC","GARLIC - PRICE RECEIVED, PARITY, MEASURED IN $ / CWT","TOTAL","NOT SPECIFIED","98.5",""
"SURVEY","2022","JAN","","NATIONAL","US TOTAL","","","","","","","","00000000","","GOOSEBERRIES","GOOSEBERRIES - PRICE RECEIVED, PARITY, MEASURED IN $ / LB","TOTAL","NOT SPECIFIED","1.24",""
"SURVEY","2022","JAN","","NATIONAL","US TOTAL","","","","","","","","00000000","","GRAPEFRUIT","GRAPEFRUIT - PRICE RECEIVED, PARITY, MEASURED IN $ / BOX","TOTAL","NOT SPECIFIED","31.5",""
"SURVEY","2022","JAN","","NATIONAL","US TOTAL","","","","","","","","00000000","","GRAPES","GRAPES, EXCL RAISIN TYPE, PROCESSING, DRIED - PRICE RECEIVED, PARITY, MEASURED IN $ / TON","TOTAL","NOT SPECIFIED","2,200",""
"SURVEY","2022","JAN","","NATIONAL","US TOTAL","","","","","","","","00000000","","GRAPES","GRAPES, RAISIN TYPE - PRICE RECEIVED, PARITY, MEASURED IN $ / TON","TOTAL","NOT SPECIFIED","4,940",""
"SURVEY","2022","JAN","","NATIONAL","US TOTAL","","","","","","","","00000000","","GRAPES","GRAPES, WINE TYPE - PRICE RECEIVED, PARITY, MEASURED IN $ / TON","TOTAL","NOT SPECIFIED","2,670",""
"SURVEY","2022","JAN","","NATIONAL","US TOTAL","","","","","","","","00000000","","HAZELNUTS","HAZELNUTS - PRICE RECEIVED, PARITY, MEASURED IN $ / TON","TOTAL","NOT SPECIFIED","7,730",""
"SURVEY","2022","JAN","","NATIONAL","US TOTAL","","","","","","","","00000000","","KIWIFRUIT","KIWIFRUIT - PRICE RECEIVED, PARITY, MEASURED IN $ / TON","TOTAL","NOT SPECIFIED","4,300",""
"SURVEY","2022","JAN","","NATIONAL","US TOTAL","","","","","","","","00000000","","LEMONS","LEMONS - PRICE RECEIVED, PARITY, MEASURED IN $ / BOX","TOTAL","NOT SPECIFIED","68.2",""
"SURVEY","2022","JAN","","NATIONAL","US TOTAL","","","","","","","","00000000","","LETTUCE","LETTUCE, HEAD - PRICE RECEIVED, PARITY, MEASURED IN $ / CWT","TOTAL","NOT SPECIFIED","89.4",""
"SURVEY","2022","JAN","","NATIONAL","US TOTAL","","","","","","","","00000000","","LOGANBERRIES","LOGANBERRIES - PRICE RECEIVED, PARITY, MEASURED IN $ / LB","TOTAL","NOT SPECIFIED","2.02",""
"SURVEY","2022","JAN","","NATIONAL","US TOTAL","","","","","","","","00000000","","MELONS","MELONS, CANTALOUP - PRICE RECEIVED, PARITY, MEASURED IN $ / CWT","TOTAL","NOT SPECIFIED","71.6",""
"SURVEY","2022","JAN","","NATIONAL","US TOTAL","","","","","","","","00000000","","MELONS","MELONS, HONEYDEW - PRICE RECEIVED, PARITY, MEASURED IN $ / CWT","TOTAL","NOT SPECIFIED","70.2",""
"SURVEY","2022","JAN","","NATIONAL","US TOTAL","","","","","","","","00000000","","MELONS","MELONS, WATERMELON - PRICE RECEIVED, PARITY, MEASURED IN $ / CWT","TOTAL","NOT SPECIFIED","28.4",""
"SURVEY","2022","JAN","","NATIONAL","US TOTAL","","","","","","","","00000000","","NECTARINES","NECTARINES, FRESH MARKET - PRICE RECEIVED, PARITY, MEASURED IN $ / TON","TOTAL","NOT SPECIFIED","2,830",""
"SURVEY","2022","JAN","","NATIONAL","US TOTAL","","","","","","","","00000000","","NECTARINES","NECTARINES, PROCESSING - PRICE RECEIVED, PARITY, MEASURED IN $ / TON","TOTAL","NOT SPECIFIED","141",""
"SURVEY","2022","JAN","","NATIONAL","US TOTAL","","","","","","","","00000000","","OLIVES","OLIVES, PROCESSING, (EXCL CRUSHED) - PRICE RECEIVED, PARITY, MEASURED IN $ / TON","TOTAL","NOT SPECIFIED","3,280",""
"SURVEY","2022","JAN","","NATIONAL","US TOTAL","","","","","","","","00000000","","OLIVES","OLIVES, PROCESSING, CANNED - PRICE RECEIVED, PARITY, MEASURED IN $ / TON","TOTAL","NOT SPECIFIED","3,760",""
"SURVEY","2022","JAN","","NATIONAL","US TOTAL","","","","","","","","00000000","","OLIVES","OLIVES, PROCESSING, CRUSHED - PRICE RECEIVED, PARITY, MEASURED IN $ / TON","TOTAL","NOT SPECIFIED","2,120",""
"SURVEY","2022","JAN","","NATIONAL","US TOTAL","","","","","","","","00000000","","ONIONS","ONIONS, DRY - PRICE RECEIVED, PARITY, MEASURED IN $ / CWT","TOTAL","NOT SPECIFIED","47.4",""
"SURVEY","2022","JAN","","NATIONAL","US TOTAL","","","","","","","","00000000","","ORANGES","ORANGES - PRICE RECEIVED, PARITY, MEASURED IN $ / BOX","TOTAL","NOT SPECIFIED","36",""
"SURVEY","2022","JAN","","NATIONAL","US TOTAL","","","","","","","","00000000","","PAPAYAS","PAPAYAS, FRESH MARKET - PRICE RECEIVED, PARITY, MEASURED IN $ / LB","TOTAL","NOT SPECIFIED","1.41",""
"SURVEY","2022","JAN","","NATIONAL","US TOTAL","","","","","","","","00000000","","PEACHES","PEACHES, CLINGSTONE, PROCESSING - PRICE RECEIVED, PARITY, MEASURED IN $ / TON","TOTAL","NOT SPECIFIED","1,320",""
"SURVEY","2022","JAN","","NATIONAL","US TOTAL","","","","","","","","00000000","","PEACHES","PEACHES, FREESTONE - PRICE RECEIVED, PARITY, MEASURED IN $ / TON","TOTAL","NOT SPECIFIED","1,140",""
"SURVEY","2022","JAN","","NATIONAL","US TOTAL","","","","","","","","00000000","","PEACHES","PEACHES, FREESTONE, PROCESSING, DRIED - PRICE RECEIVED, PARITY, MEASURED IN $ / TON, DRY BASIS","TOTAL","NOT SPECIFIED","1,460",""
"SURVEY","2022","JAN","","NATIONAL","US TOTAL","","","","","","","","00000000","","PEACHES","PEACHES, FRESH MARKET - PRICE RECEIVED, PARITY, MEASURED IN $ / TON","TOTAL","NOT SPECIFIED","3,730",""
"SURVEY","2022","JAN","","NATIONAL","US TOTAL","","","","","","","","00000000","","PEARS","PEARS, FRESH MARKET - PRICE RECEIVED, PARITY, MEASURED IN $ / TON","TOTAL","NOT SPECIFIED","2,070",""
"SURVEY","2022","JAN","","NATIONAL","US TOTAL","","","","","","","","00000000","","PEARS","PEARS, PROCESSING - PRICE RECEIVED, PARITY, MEASURED IN $ / TON","TOTAL","NOT SPECIFIED","786",""
"SURVEY","2022","JAN","","NATIONAL","US TOTAL","","","","","","","","00000000","","PEARS","PEARS, PROCESSING, DRIED - PRICE RECEIVED, PARITY, MEASURED IN $ / TON, DRY BASIS","TOTAL","NOT SPECIFIED","5,750",""
"SURVEY","2022","JAN","","NATIONAL","US TOTAL","","","","","","","","00000000","","PEAS","PEAS, GREEN, PROCESSING - PRICE RECEIVED, PARITY, MEASURED IN $ / CWT","TOTAL","NOT SPECIFIED","1,030",""
"SURVEY","2022","JAN","","NATIONAL","US TOTAL","","","","","","","","00000000","","PECANS","PECANS - PRICE RECEIVED, PARITY, MEASURED IN $ / LB","TOTAL","NOT SPECIFIED","12,700",""
"SURVEY","2022","JAN","","NATIONAL","US TOTAL","","","","","","","","00000000","","PEPPERS","PEPPERS, BELL - PRICE RECEIVED, PARITY, MEASURED IN $ / CWT","TOTAL","NOT SPECIFIED","121",""
"SURVEY","2022","JAN","","NATIONAL","US TOTAL","","","","","","","","00000000","","PISTACHIOS","PISTACHIOS - PRICE RECEIVED, PARITY, MEASURED IN $ / LB","TOTAL","NOT SPECIFIED","8.5",""
"SURVEY","2022","JAN","","NATIONAL","US TOTAL","","","","","","","","00000000","","PLUMS","PLUMS, FRESH MARKET - PRICE RECEIVED, PARITY, MEASURED IN $ / TON","TOTAL","NOT SPECIFIED","2,870",""
"SURVEY","2022","JAN","","NATIONAL","US TOTAL","","","","","","","","00000000","","POTATOES","POTATOES, FRESH MARKET - PRICE RECEIVED, PARITY, MEASURED IN $ / CWT","TOTAL","NOT SPECIFIED","36.6",""
"SURVEY","2022","JAN","","NATIONAL","US TOTAL","","","","","","","","00000000","","PRUNES","PRUNES, PROCESSING - PRICE RECEIVED, PARITY, MEASURED IN $ / TON","TOTAL","NOT SPECIFIED","763",""
"SURVEY","2022","JAN","","NATIONAL","US TOTAL","","","","","","","","00000000","","PRUNES","PRUNES, PROCESSING, DRIED - PRICE RECEIVED, PARITY, MEASURED IN $ / TON, DRY BASIS","TOTAL","NOT SPECIFIED","6,120",""
"SURVEY","2022","JAN","","NATIONAL","US TOTAL","","","","","","","","00000000","","RASPBERRIES","RASPBERRIES, BLACK - PRICE RECEIVED, PARITY, MEASURED IN $ / LB","TOTAL","NOT SPECIFIED","3.56",""
"SURVEY","2022","JAN","","NATIONAL","US TOTAL","","","","","","","","00000000","","RASPBERRIES","RASPBERRIES, RED - PRICE RECEIVED, PARITY, MEASURED IN $ / LB","TOTAL","NOT SPECIFIED","2.82",""
"SURVEY","2022","JAN","","NATIONAL","US TOTAL","","","","","","","","00000000","","SPINACH","SPINACH, FRESH MARKET - PRICE RECEIVED, PARITY, MEASURED IN $ / CWT","TOTAL","NOT SPECIFIED","133",""
"SURVEY","2022","JAN","","NATIONAL","US TOTAL","","","","","","","","00000000","","SPINACH","SPINACH, PROCESSING - PRICE RECEIVED, PARITY, MEASURED IN $ / CWT","TOTAL","NOT SPECIFIED","487",""
"SURVEY","2022","JAN","","NATIONAL","US TOTAL","","","","","","","","00000000","","STRAWBERRIES","STRAWBERRIES, FRESH MARKET - PRICE RECEIVED, PARITY, MEASURED IN $ / CWT","TOTAL","NOT SPECIFIED","343",""
"SURVEY","2022","JAN","","NATIONAL","US TOTAL","","","","","","","","00000000","","STRAWBERRIES","STRAWBERRIES, PROCESSING - PRICE RECEIVED, PARITY, MEASURED IN $ / CWT","TOTAL","NOT SPECIFIED","132",""
"SURVEY","2022","JAN","","NATIONAL","US TOTAL","","","","","","","","00000000","","SWEET CORN","SWEET CORN, FRESH MARKET - PRICE RECEIVED, PARITY, MEASURED IN $ / CWT","TOTAL","NOT SPECIFIED","93.4",""
"SURVEY","2022","JAN","","NATIONAL","US TOTAL","","","","","","","","00000000","","SWEET CORN","SWEET CORN, PROCESSING - PRICE RECEIVED, PARITY, MEASURED IN $ / CWT","TOTAL","NOT SPECIFIED","319",""
"SURVEY","2022","JAN","","NATIONAL","US TOTAL","","","","","","","","00000000","","SWEET POTATOES","SWEET POTATOES - PRICE RECEIVED, PARITY, MEASURED IN $ / CWT","TOTAL","NOT SPECIFIED","68.9",""
"SURVEY","2022","JAN","","NATIONAL","US TOTAL","","","","","","","","00000000","","TANGERINES","TANGERINES - PRICE RECEIVED, PARITY, MEASURED IN $ / BOX","TOTAL","NOT SPECIFIED","71.3",""
"SURVEY","2022","JAN","","NATIONAL","US TOTAL","","","","","","","","00000000","","TEMPLES","TEMPLES - PRICE RECEIVED, PARITY, MEASURED IN $ / BOX","TOTAL","NOT SPECIFIED","12.5",""
"SURVEY","2022","JAN","","NATIONAL","US TOTAL","","","","","","","","00000000","","TOMATOES","TOMATOES, FRESH MARKET - PRICE RECEIVED, PARITY, MEASURED IN $ / CWT","TOTAL","NOT SPECIFIED","137",""
"SURVEY","2022","JAN","","NATIONAL","US TOTAL","","","","","","","","00000000","","TOMATOES","TOMATOES, PROCESSING - PRICE RECEIVED, PARITY, MEASURED IN $ / CWT","TOTAL","NOT SPECIFIED","273",""
"SURVEY","2022","JAN","","NATIONAL","US TOTAL","","","","","","","","00000000","","WALNUTS","WALNUTS, ENGLISH - PRICE RECEIVED, PARITY, MEASURED IN $ / TON","TOTAL","NOT SPECIFIED","7,560",""
"SURVEY","2022","JUL","","NATIONAL","US TOTAL","","","","","","","","00000000","","ALMONDS","ALMONDS - PRICE RECEIVED, PARITY, MEASURED IN $ / LB","TOTAL","NOT SPECIFIED","9.06",""
"SURVEY","2022","JUL","","NATIONAL","US TOTAL","","","","","","","","00000000","","APPLES","APPLES, FRESH MARKET - PRICE RECEIVED, PARITY, MEASURED IN $ / LB","TOTAL","NOT SPECIFIED","1.5",""
"SURVEY","2022","JUL","","NATIONAL","US TOTAL","","","","","","","","00000000","","APPLES","APPLES, PROCESSING - PRICE RECEIVED, PARITY, MEASURED IN $ / TON","TOTAL","NOT SPECIFIED","759",""
"SURVEY","2022","JUL","","NATIONAL","US TOTAL","","","","","","","","00000000","","APRICOTS","APRICOTS, FRESH MARKET - PRICE RECEIVED, PARITY, MEASURED IN $ / TON","TOTAL","NOT SPECIFIED","4,550",""
"SURVEY","2022","JUL","","NATIONAL","US TOTAL","","","","","","","","00000000","","AVOCADOS","AVOCADOS - PRICE RECEIVED, PARITY, MEASURED IN $ / TON","TOTAL","NOT SPECIFIED","6,900",""
"SURVEY","2022","JUL","","NATIONAL","US TOTAL","","","","","","","","00000000","","CARROTS","CARROTS, FRESH MARKET - PRICE RECEIVED, PARITY, MEASURED IN $ / CWT","TOTAL","NOT SPECIFIED","96.9",""
"SURVEY","2022","JUL","","NATIONAL","US TOTAL","","","","","","","","00000000","","CAULIFLOWER","CAULIFLOWER, FRESH MARKET - PRICE RECEIVED, PARITY, MEASURED IN $ / CWT","TOTAL","NOT SPECIFIED","154",""
"SURVEY","2022","JUL","","NATIONAL","US TOTAL","","","","","","","","00000000","","CELERY","CELERY, FRESH MARKET - PRICE RECEIVED, PARITY, MEASURED IN $ / CWT","TOTAL","NOT SPECIFIED","78.1",""
"SURVEY","2022","JUL","","NATIONAL","US TOTAL","","","","","","","","00000000","","CHERRIES","CHERRIES, SWEET - PRICE RECEIVED, PARITY, MEASURED IN $ / TON","TOTAL","NOT SPECIFIED","7,590",""
"SURVEY","2022","JUL","","NATIONAL","US TOTAL","","","","","","","","00000000","","CHERRIES","CHERRIES, TART - PRICE RECEIVED, PARITY, MEASURED IN $ / LB","TOTAL","NOT SPECIFIED","1.17",""
"SURVEY","2022","JUL","","NATIONAL","US TOTAL","","","","","","","","00000000","","CRANBERRIES","CRANBERRIES - PRICE RECEIVED, PARITY, MEASURED IN $ / BARREL","TOTAL","NOT SPECIFIED","117",""
"SURVEY","2022","JUL","","NATIONAL","US TOTAL","","","","","","","","00000000","","DATES","DATES - PRICE RECEIVED, PARITY, MEASURED IN $ / TON","TOTAL","NOT SPECIFIED","8,730",""
"SURVEY","2022","JUL","","NATIONAL","US TOTAL","","","","","","","","00000000","","GRAPEFRUIT","GRAPEFRUIT - PRICE RECEIVED, PARITY, MEASURED IN $ / BOX","TOTAL","NOT SPECIFIED","37.4",""
"SURVEY","2022","JUL","","NATIONAL","US TOTAL","","","","","","","","00000000","","GRAPES","GRAPES, WINE TYPE - PRICE RECEIVED, PARITY, MEASURED IN $ / TON","TOTAL","NOT SPECIFIED","2,970",""
"SURVEY","2022","JUL","","NATIONAL","US TOTAL","","","","","","","","00000000","","HAZELNUTS","HAZELNUTS - PRICE RECEIVED, PARITY, MEASURED IN $ / TON","TOTAL","NOT SPECIFIED","8,180",""
"SURVEY","2022","JUL","","NATIONAL","US TOTAL","","","","","","","","00000000","","KIWIFRUIT","KIWIFRUIT - PRICE RECEIVED, PARITY, MEASURED IN $ / TON","TOTAL","NOT SPECIFIED","5,170",""
"SURVEY","2022","JUL","","NATIONAL","US TOTAL","","","","","","","","00000000","","LEMONS","LEMONS - PRICE RECEIVED, PARITY, MEASURED IN $ / BOX","TOTAL","NOT SPECIFIED","76.7",""
"SURVEY","2022","JUL","","NATIONAL","US TOTAL","","","","","","","","00000000","","LETTUCE","LETTUCE, HEAD - PRICE RECEIVED, PARITY, MEASURED IN $ / CWT","TOTAL","NOT SPECIFIED","96.9",""
"SURVEY","2022","JUL","","NATIONAL","US TOTAL","","","","","","","","00000000","","MELONS","MELONS, HONEYDEW - PRICE RECEIVED, PARITY, MEASURED IN $ / CWT","TOTAL","NOT SPECIFIED","77",""
"SURVEY","2022","JUL","","NATIONAL","US TOTAL","","","","","","","","00000000","","NECTARINES","NECTARINES, FRESH MARKET - PRICE RECEIVED, PARITY, MEASURED IN $ / TON","TOTAL","NOT SPECIFIED","3,230",""
"SURVEY","2022","JUL","","NATIONAL","US TOTAL","","","","","","","","00000000","","OLIVES","OLIVES, PROCESSING, CANNED - PRICE RECEIVED, PARITY, MEASURED IN $ / TON","TOTAL","NOT SPECIFIED","4,000",""
"SURVEY","2022","JUL","","NATIONAL","US TOTAL","","","","","","","","00000000","","ONIONS","ONIONS, DRY - PRICE RECEIVED, PARITY, MEASURED IN $ / CWT","TOTAL","NOT SPECIFIED","53.2",""
"SURVEY","2022","JUL","","NATIONAL","US TOTAL","","","","","","","","00000000","","ORANGES","ORANGES - PRICE RECEIVED, PARITY, MEASURED IN $ / BOX","TOTAL","NOT SPECIFIED","39.6",""
"SURVEY","2022","JUL","","NATIONAL","US TOTAL","","","","","","","","00000000","","PAPAYAS","PAPAYAS, FRESH MARKET - PRICE RECEIVED, PARITY, MEASURED IN $ / LB","TOTAL","NOT SPECIFIED","1.65",""
"SURVEY","2022","JUL","","NATIONAL","US TOTAL","","","","","","","","00000000","","PEACHES","PEACHES, FRESH MARKET - PRICE RECEIVED, PARITY, MEASURED IN $ / TON","TOTAL","NOT SPECIFIED","4,150",""
"SURVEY","2022","JUL","","NATIONAL","US TOTAL","","","","","","","","00000000","","PEARS","PEARS, FRESH MARKET - PRICE RECEIVED, PARITY, MEASURED IN $ / TON","TOTAL","NOT SPECIFIED","2,260",""
"SURVEY","2022","JUL","","NATIONAL","US TOTAL","","","","","","","","00000000","","PISTACHIOS","PISTACHIOS - PRICE RECEIVED, PARITY, MEASURED IN $ / LB","TOTAL","NOT SPECIFIED","9.28",""
"SURVEY","2022","JUL","","NATIONAL","US TOTAL","","","","","","","","00000000","","PLUMS","PLUMS, FRESH MARKET - PRICE RECEIVED, PARITY, MEASURED IN $ / TON","TOTAL","NOT SPECIFIED","3,330",""
"SURVEY","2022","JUL","","NATIONAL","US TOTAL","","","","","","","","00000000","","POTATOES","POTATOES, FRESH MARKET - PRICE RECEIVED, PARITY, MEASURED IN $ / CWT","TOTAL","NOT SPECIFIED","39.3",""
"SURVEY","2022","JUL","","NATIONAL","US TOTAL","","","","","","","","00000000","","STRAWBERRIES","STRAWBERRIES, FRESH MARKET - PRICE RECEIVED, PARITY, MEASURED IN $ / CWT","TOTAL","NOT SPECIFIED","382",""
"SURVEY","2022","JUL","","NATIONAL","US TOTAL","","","","","","","","00000000","","STRAWBERRIES","STRAWBERRIES, PROCESSING - PRICE RECEIVED, PARITY, MEASURED IN $ / CWT","TOTAL","NOT SPECIFIED","151",""
"SURVEY","2022","JUL","","NATIONAL","US TOTAL","","","","","","","","00000000","","SWEET POTATOES","SWEET POTATOES - PRICE RECEIVED, PARITY, MEASURED IN $ / CWT","TOTAL","NOT SPECIFIED","75.2",""
"SURVEY","2022","JUL","","NATIONAL","US TOTAL","","","","","","","","00000000","","TOMATOES","TOMATOES, FRESH MARKET - PRICE RECEIVED, PARITY, MEASURED IN $ / CWT","TOTAL","NOT SPECIFIED","149",""
"SURVEY","2022","JUL","","NATIONAL","US TOTAL","","","","","","","","00000000","","WALNUTS","WALNUTS, ENGLISH - PRICE RECEIVED, PARITY, MEASURED IN $ / TON","TOTAL","NOT SPECIFIED","7,560",""
"SURVEY","2022","JUN","","NATIONAL","US TOTAL","","","","","","","","00000000","","ALMONDS","ALMONDS - PRICE RECEIVED, PARITY, MEASURED IN $ / LB","TOTAL","NOT SPECIFIED","9.01",""
"SURVEY","2022","JUN","","NATIONAL","US TOTAL","","","","","","","","00000000","","APPLES","APPLES, FRESH MARKET - PRICE RECEIVED, PARITY, MEASURED IN $ / LB","TOTAL","NOT SPECIFIED","1.5",""
"SURVEY","2022","JUN","","NATIONAL","US TOTAL","","","","","","","","00000000","","APPLES","APPLES, PROCESSING - PRICE RECEIVED, PARITY, MEASURED IN $ / TON","TOTAL","NOT SPECIFIED","755",""
"SURVEY","2022","JUN","","NATIONAL","US TOTAL","","","","","","","","00000000","","APRICOTS","APRICOTS, FRESH MARKET - PRICE RECEIVED, PARITY, MEASURED IN $ / TON","TOTAL","NOT SPECIFIED","4,520",""
"SURVEY","2022","JUN","","NATIONAL","US TOTAL","","","","","","","","00000000","","AVOCADOS","AVOCADOS - PRICE RECEIVED, PARITY, MEASURED IN $ / TON","TOTAL","NOT SPECIFIED","6,860",""
"SURVEY","2022","JUN","","NATIONAL","US TOTAL","","","","","","","","00000000","","CARROTS","CARROTS, FRESH MARKET - PRICE RECEIVED, PARITY, MEASURED IN $ / CWT","TOTAL","NOT SPECIFIED","96.3",""
"SURVEY","2022","JUN","","NATIONAL","US TOTAL","","","","","","","","00000000","","CAULIFLOWER","CAULIFLOWER, FRESH MARKET - PRICE RECEIVED, PARITY, MEASURED IN $ / CWT","TOTAL","NOT SPECIFIED","154",""
"SURVEY","2022","JUN","","NATIONAL","US TOTAL","","","","","","","","00000000","","CELERY","CELERY, FRESH MARKET - PRICE RECEIVED, PARITY, MEASURED IN $ / CWT","TOTAL","NOT SPECIFIED","77.7",""
"SURVEY","2022","JUN","","NATIONAL","US TOTAL","","","","","","","","00000000","","CHERRIES","CHERRIES, SWEET - PRICE RECEIVED, PARITY, MEASURED IN $ / TON","TOTAL","NOT SPECIFIED","7,550",""
"SURVEY","2022","JUN","","NATIONAL","US TOTAL","","","","","","","","00000000","","CHERRIES","CHERRIES, TART - PRICE RECEIVED, PARITY, MEASURED IN $ / LB","TOTAL","NOT SPECIFIED","1.17",""
"SURVEY","2022","JUN","","NATIONAL","US TOTAL","","","","","","","","00000000","","CRANBERRIES","CRANBERRIES - PRICE RECEIVED, PARITY, MEASURED IN $ / BARREL","TOTAL","NOT SPECIFIED","117",""
"SURVEY","2022","JUN","","NATIONAL","US TOTAL","","","","","","","","00000000","","DATES","DATES - PRICE RECEIVED, PARITY, MEASURED IN $ / TON","TOTAL","NOT SPECIFIED","8,680",""
"SURVEY","2022","JUN","","NATIONAL","US TOTAL","","","","","","","","00000000","","GRAPEFRUIT","GRAPEFRUIT - PRICE RECEIVED, PARITY, MEASURED IN $ / BOX","TOTAL","NOT SPECIFIED","37.2",""
"SURVEY","2022","JUN","","NATIONAL","US TOTAL","","","","","","","","00000000","","GRAPES","GRAPES, WINE TYPE - PRICE RECEIVED, PARITY, MEASURED IN $ / TON","TOTAL","NOT SPECIFIED","2,960",""
"SURVEY","2022","JUN","","NATIONAL","US TOTAL","","","","","","","","00000000","","HAZELNUTS","HAZELNUTS - PRICE RECEIVED, PARITY, MEASURED IN $ / TON","TOTAL","NOT SPECIFIED","8,140",""
"SURVEY","2022","JUN","","NATIONAL","US TOTAL","","","","","","","","00000000","","KIWIFRUIT","KIWIFRUIT - PRICE RECEIVED, PARITY, MEASURED IN $ / TON","TOTAL","NOT SPECIFIED","5,150",""
"SURVEY","2022","JUN","","NATIONAL","US TOTAL","","","","","","","","00000000","","LEMONS","LEMONS - PRICE RECEIVED, PARITY, MEASURED IN $ / BOX","TOTAL","NOT SPECIFIED","76.3",""
"SURVEY","2022","JUN","","NATIONAL","US TOTAL","","","","","","","","00000000","","LETTUCE","LETTUCE, HEAD - PRICE RECEIVED, PARITY, MEASURED IN $ / CWT","TOTAL","NOT SPECIFIED","96.3",""
"SURVEY","2022","JUN","","NATIONAL","US TOTAL","","","","","","","","00000000","","MELONS","MELONS, HONEYDEW - PRICE RECEIVED, PARITY, MEASURED IN $ / CWT","TOTAL","NOT SPECIFIED","76.6",""
"SURVEY","2022","JUN","","NATIONAL","US TOTAL","","","","","","","","00000000","","NECTARINES","NECTARINES, FRESH MARKET - PRICE RECEIVED, PARITY, MEASURED IN $ / TON","TOTAL","NOT SPECIFIED","3,210",""
"SURVEY","2022","JUN","","NATIONAL","US TOTAL","","","","","","","","00000000","","OLIVES","OLIVES, PROCESSING, CANNED - PRICE RECEIVED, PARITY, MEASURED IN $ / TON","TOTAL","NOT SPECIFIED","3,980",""
"SURVEY","2022","JUN","","NATIONAL","US TOTAL","","","","","","","","00000000","","ONIONS","ONIONS, DRY - PRICE RECEIVED, PARITY, MEASURED IN $ / CWT","TOTAL","NOT SPECIFIED","52.9",""
"SURVEY","2022","JUN","","NATIONAL","US TOTAL","","","","","","","","00000000","","ORANGES","ORANGES - PRICE RECEIVED, PARITY, MEASURED IN $ / BOX","TOTAL","NOT SPECIFIED","39.4",""
"SURVEY","2022","JUN","","NATIONAL","US TOTAL","","","","","","","","00000000","","PAPAYAS","PAPAYAS, FRESH MARKET - PRICE RECEIVED, PARITY, MEASURED IN $ / LB","TOTAL","NOT SPECIFIED","1.64",""
"SURVEY","2022","JUN","","NATIONAL","US TOTAL","","","","","","","","00000000","","PEACHES","PEACHES, FRESH MARKET - PRICE RECEIVED, PARITY, MEASURED IN $ / TON","TOTAL","NOT SPECIFIED","4,120",""
"SURVEY","2022","JUN","","NATIONAL","US TOTAL","","","","","","","","00000000","","PEARS","PEARS, FRESH MARKET - PRICE RECEIVED, PARITY, MEASURED IN $ / TON","TOTAL","NOT SPECIFIED","2,240",""
"SURVEY","2022","JUN","","NATIONAL","US TOTAL","","","","","","","","00000000","","PISTACHIOS","PISTACHIOS - PRICE RECEIVED, PARITY, MEASURED IN $ / LB","TOTAL","NOT SPECIFIED","9.23",""
"SURVEY","2022","JUN","","NATIONAL","US TOTAL","","","","","","","","00000000","","PLUMS","PLUMS, FRESH MARKET - PRICE RECEIVED, PARITY, MEASURED IN $ / TON","TOTAL","NOT SPECIFIED","3,310",""
"SURVEY","2022","JUN","","NATIONAL","US TOTAL","","","","","","","","00000000","","POTATOES","POTATOES, FRESH MARKET - PRICE RECEIVED, PARITY, MEASURED IN $ / CWT","TOTAL","NOT SPECIFIED","39",""
"SURVEY","2022","JUN","","NATIONAL","US TOTAL","","","","","","","","00000000","","STRAWBERRIES","STRAWBERRIES, FRESH MARKET - PRICE RECEIVED, PARITY, MEASURED IN $ / CWT","TOTAL","NOT SPECIFIED","379",""
"SURVEY","2022","JUN","","NATIONAL","US TOTAL","","","","","","","","00000000","","STRAWBERRIES","STRAWBERRIES, PROCESSING - PRICE RECEIVED, PARITY, MEASURED IN $ / CWT","TOTAL","NOT SPECIFIED","150",""
"SURVEY","2022","JUN","","NATIONAL","US TOTAL","","","","","","","","00000000","","SWEET POTATOES","SWEET POTATOES - PRICE RECEIVED, PARITY, MEASURED IN $ / CWT","TOTAL","NOT SPECIFIED","74.8",""
"SURVEY","2022","JUN","","NATIONAL","US TOTAL","","","","","","","","00000000","","TOMATOES","TOMATOES, FRESH MARKET - PRICE RECEIVED, PARITY, MEASURED IN $ / CWT","TOTAL","NOT SPECIFIED","149",""
"SURVEY","2022","JUN","","NATIONAL","US TOTAL","","","","","","","","00000000","","WALNUTS","WALNUTS, ENGLISH - PRICE RECEIVED, PARITY, MEASURED IN $ / TON","TOTAL","NOT SPECIFIED","7,520",""
"SURVEY","2022","MAR","","NATIONAL","US TOTAL","","","","","","","","00000000","","ALMONDS","ALMONDS - PRICE RECEIVED, PARITY, MEASURED IN $ / LB","TOTAL","NOT SPECIFIED","9.02",""
"SURVEY","2022","MAR","","NATIONAL","US TOTAL","","","","","","","","00000000","","APPLES","APPLES, FRESH MARKET - PRICE RECEIVED, PARITY, MEASURED IN $ / LB","TOTAL","NOT SPECIFIED","1.49",""
"SURVEY","2022","MAR","","NATIONAL","US TOTAL","","","","","","","","00000000","","APPLES","APPLES, PROCESSING - PRICE RECEIVED, PARITY, MEASURED IN $ / TON","TOTAL","NOT SPECIFIED","732",""
"SURVEY","2022","MAR","","NATIONAL","US TOTAL","","","","","","","","00000000","","APRICOTS","APRICOTS, FRESH MARKET - PRICE RECEIVED, PARITY, MEASURED IN $ / TON","TOTAL","NOT SPECIFIED","4,440",""
"SURVEY","2022","MAR","","NATIONAL","US TOTAL","","","","","","","","00000000","","AVOCADOS","AVOCADOS - PRICE RECEIVED, PARITY, MEASURED IN $ / TON","TOTAL","NOT SPECIFIED","6,570",""
"SURVEY","2022","MAR","","NATIONAL","US TOTAL","","","","","","","","00000000","","CARROTS","CARROTS, FRESH MARKET - PRICE RECEIVED, PARITY, MEASURED IN $ / CWT","TOTAL","NOT SPECIFIED","96.3",""
"SURVEY","2022","MAR","","NATIONAL","US TOTAL","","","","","","","","00000000","","CAULIFLOWER","CAULIFLOWER, FRESH MARKET - PRICE RECEIVED, PARITY, MEASURED IN $ / CWT","TOTAL","NOT SPECIFIED","155",""
"SURVEY","2022","MAR","","NATIONAL","US TOTAL","","","","","","","","00000000","","CELERY","CELERY, FRESH MARKET - PRICE RECEIVED, PARITY, MEASURED IN $ / CWT","TOTAL","NOT SPECIFIED","75.7",""
"SURVEY","2022","MAR","","NATIONAL","US TOTAL","","","","","","","","00000000","","CHERRIES","CHERRIES, SWEET - PRICE RECEIVED, PARITY, MEASURED IN $ / TON","TOTAL","NOT SPECIFIED","7,600",""
"SURVEY","2022","MAR","","NATIONAL","US TOTAL","","","","","","","","00000000","","CHERRIES","CHERRIES, TART - PRICE RECEIVED, PARITY, MEASURED IN $ / LB","TOTAL","NOT SPECIFIED","1.07",""
"SURVEY","2022","MAR","","NATIONAL","US TOTAL","","","","","","","","00000000","","CRANBERRIES","CRANBERRIES - PRICE RECEIVED, PARITY, MEASURED IN $ / BARREL","TOTAL","NOT SPECIFIED","118",""
"SURVEY","2022","MAR","","NATIONAL","US TOTAL","","","","","","","","00000000","","DATES","DATES - PRICE RECEIVED, PARITY, MEASURED IN $ / TON","TOTAL","NOT SPECIFIED","7,810",""
"SURVEY","2022","MAR","","NATIONAL","US TOTAL","","","","","","","","00000000","","GRAPEFRUIT","GRAPEFRUIT - PRICE RECEIVED, PARITY, MEASURED IN $ / BOX","TOTAL","NOT SPECIFIED","33.2",""
"SURVEY","2022","MAR","","NATIONAL","US TOTAL","","","","","","","","00000000","","GRAPES","GRAPES, WINE TYPE - PRICE RECEIVED, PARITY, MEASURED IN $ / TON","TOTAL","NOT SPECIFIED","2,820",""
"SURVEY","2022","MAR","","NATIONAL","US TOTAL","","","","","","","","00000000","","HAZELNUTS","HAZELNUTS - PRICE RECEIVED, PARITY, MEASURED IN $ / TON","TOTAL","NOT SPECIFIED","8,170",""
"SURVEY","2022","MAR","","NATIONAL","US TOTAL","","","","","","","","00000000","","KIWIFRUIT","KIWIFRUIT - PRICE RECEIVED, PARITY, MEASURED IN $ / TON","TOTAL","NOT SPECIFIED","4,550",""
"SURVEY","2022","MAR","","NATIONAL","US TOTAL","","","","","","","","00000000","","LEMONS","LEMONS - PRICE RECEIVED, PARITY, MEASURED IN $ / BOX","TOTAL","NOT SPECIFIED","72.1",""
"SURVEY","2022","MAR","","NATIONAL","US TOTAL","","","","","","","","00000000","","LETTUCE","LETTUCE, HEAD - PRICE RECEIVED, PARITY, MEASURED IN $ / CWT","TOTAL","NOT SPECIFIED","94.5",""
"SURVEY","2022","MAR","","NATIONAL","US TOTAL","","","","","","","","00000000","","MELONS","MELONS, HONEYDEW - PRICE RECEIVED, PARITY, MEASURED IN $ / CWT","TOTAL","NOT SPECIFIED","74.2",""
"SURVEY","2022","MAR","","NATIONAL","US TOTAL","","","","","","","","00000000","","NECTARINES","NECTARINES, FRESH MARKET - PRICE RECEIVED, PARITY, MEASURED IN $ / TON","TOTAL","NOT SPECIFIED","2,990",""
"SURVEY","2022","MAR","","NATIONAL","US TOTAL","","","","","","","","00000000","","OLIVES","OLIVES, PROCESSING, CANNED - PRICE RECEIVED, PARITY, MEASURED IN $ / TON","TOTAL","NOT SPECIFIED","3,980",""
"SURVEY","2022","MAR","","NATIONAL","US TOTAL","","","","","","","","00000000","","ONIONS","ONIONS, DRY - PRICE RECEIVED, PARITY, MEASURED IN $ / CWT","TOTAL","NOT SPECIFIED","50.1",""
"SURVEY","2022","MAR","","NATIONAL","US TOTAL","","","","","","","","00000000","","ORANGES","ORANGES - PRICE RECEIVED, PARITY, MEASURED IN $ / BOX","TOTAL","NOT SPECIFIED","38",""
"SURVEY","2022","MAR","","NATIONAL","US TOTAL","","","","","","","","00000000","","PAPAYAS","PAPAYAS, FRESH MARKET - PRICE RECEIVED, PARITY, MEASURED IN $ / LB","TOTAL","NOT SPECIFIED","1.49",""
"SURVEY","2022","MAR","","NATIONAL","US TOTAL","","","","","","","","00000000","","PEACHES","PEACHES, FRESH MARKET - PRICE RECEIVED, PARITY, MEASURED IN $ / TON","TOTAL","NOT SPECIFIED","3,940",""
"SURVEY","2022","MAR","","NATIONAL","US TOTAL","","","","","","","","00000000","","PEARS","PEARS, FRESH MARKET - PRICE RECEIVED, PARITY, MEASURED IN $ / TON","TOTAL","NOT SPECIFIED","2,190",""
"SURVEY","2022","MAR","","NATIONAL","US TOTAL","","","","","","","","00000000","","PISTACHIOS","PISTACHIOS - PRICE RECEIVED, PARITY, MEASURED IN $ / LB","TOTAL","NOT SPECIFIED","8.99",""
"SURVEY","2022","MAR","","NATIONAL","US TOTAL","","","","","","","","00000000","","PLUMS","PLUMS, FRESH MARKET - PRICE RECEIVED, PARITY, MEASURED IN $ / TON","TOTAL","NOT SPECIFIED","3,040",""
"SURVEY","2022","MAR","","NATIONAL","US TOTAL","","","","","","","","00000000","","POTATOES","POTATOES, FRESH MARKET - PRICE RECEIVED, PARITY, MEASURED IN $ / CWT","TOTAL","NOT SPECIFIED","38.7",""
"SURVEY","2022","MAR","","NATIONAL","US TOTAL","","","","","","","","00000000","","STRAWBERRIES","STRAWBERRIES, FRESH MARKET - PRICE RECEIVED, PARITY, MEASURED IN $ / CWT","TOTAL","NOT SPECIFIED","362",""
"SURVEY","2022","MAR","","NATIONAL","US TOTAL","","","","","","","","00000000","","STRAWBERRIES","STRAWBERRIES, PROCESSING - PRICE RECEIVED, PARITY, MEASURED IN $ / CWT","TOTAL","NOT SPECIFIED","140",""
"SURVEY","2022","MAR","","NATIONAL","US TOTAL","","","","","","","","00000000","","SWEET POTATOES","SWEET POTATOES - PRICE RECEIVED, PARITY, MEASURED IN $ / CWT","TOTAL","NOT SPECIFIED","72.8",""
"SURVEY","2022","MAR","","NATIONAL","US TOTAL","","","","","","","","00000000","","TOMATOES","TOMATOES, FRESH MARKET - PRICE RECEIVED, PARITY, MEASURED IN $ / CWT","TOTAL","NOT SPECIFIED","145",""
"SURVEY","2022","MAR","","NATIONAL","US TOTAL","","","","","","","","00000000","","WALNUTS","WALNUTS, ENGLISH - PRICE RECEIVED, PARITY, MEASURED IN $ / TON","TOTAL","NOT SPECIFIED","7,990",""
"SURVEY","2022","MAY","","NATIONAL","US TOTAL","","","","","","","","00000000","","ALMONDS","ALMONDS - PRICE RECEIVED, PARITY, MEASURED IN $ / LB","TOTAL","NOT SPECIFIED","9.27",""
"SURVEY","2022","MAY","","NATIONAL","US TOTAL","","","","","","","","00000000","","APPLES","APPLES, FRESH MARKET - PRICE RECEIVED, PARITY, MEASURED IN $ / LB","TOTAL","NOT SPECIFIED","1.53",""
"SURVEY","2022","MAY","","NATIONAL","US TOTAL","","","","","","","","00000000","","APPLES","APPLES, PROCESSING - PRICE RECEIVED, PARITY, MEASURED IN $ / TON","TOTAL","NOT SPECIFIED","752",""
"SURVEY","2022","MAY","","NATIONAL","US TOTAL","","","","","","","","00000000","","APRICOTS","APRICOTS, FRESH MARKET - PRICE RECEIVED, PARITY, MEASURED IN $ / TON","TOTAL","NOT SPECIFIED","4,560",""
"SURVEY","2022","MAY","","NATIONAL","US TOTAL","","","","","","","","00000000","","AVOCADOS","AVOCADOS - PRICE RECEIVED, PARITY, MEASURED IN $ / TON","TOTAL","NOT SPECIFIED","6,750",""
"SURVEY","2022","MAY","","NATIONAL","US TOTAL","","","","","","","","00000000","","CARROTS","CARROTS, FRESH MARKET - PRICE RECEIVED, PARITY, MEASURED IN $ / CWT","TOTAL","NOT SPECIFIED","98.9",""
"SURVEY","2022","MAY","","NATIONAL","US TOTAL","","","","","","","","00000000","","CAULIFLOWER","CAULIFLOWER, FRESH MARKET - PRICE RECEIVED, PARITY, MEASURED IN $ / CWT","TOTAL","NOT SPECIFIED","159",""
"SURVEY","2022","MAY","","NATIONAL","US TOTAL","","","","","","","","00000000","","CELERY","CELERY, FRESH MARKET - PRICE RECEIVED, PARITY, MEASURED IN $ / CWT","TOTAL","NOT SPECIFIED","77.7",""
"SURVEY","2022","MAY","","NATIONAL","US TOTAL","","","","","","","","00000000","","CHERRIES","CHERRIES, SWEET - PRICE RECEIVED, PARITY, MEASURED IN $ / TON","TOTAL","NOT SPECIFIED","7,810",""
"SURVEY","2022","MAY","","NATIONAL","US TOTAL","","","","","","","","00000000","","CHERRIES","CHERRIES, TART - PRICE RECEIVED, PARITY, MEASURED IN $ / LB","TOTAL","NOT SPECIFIED","1.1",""
"SURVEY","2022","MAY","","NATIONAL","US TOTAL","","","","","","","","00000000","","CRANBERRIES","CRANBERRIES - PRICE RECEIVED, PARITY, MEASURED IN $ / BARREL","TOTAL","NOT SPECIFIED","121",""
"SURVEY","2022","MAY","","NATIONAL","US TOTAL","","","","","","","","00000000","","DATES","DATES - PRICE RECEIVED, PARITY, MEASURED IN $ / TON","TOTAL","NOT SPECIFIED","8,030",""
"SURVEY","2022","MAY","","NATIONAL","US TOTAL","","","","","","","","00000000","","GRAPEFRUIT","GRAPEFRUIT - PRICE RECEIVED, PARITY, MEASURED IN $ / BOX","TOTAL","NOT SPECIFIED","34.2",""
"SURVEY","2022","MAY","","NATIONAL","US TOTAL","","","","","","","","00000000","","GRAPES","GRAPES, WINE TYPE - PRICE RECEIVED, PARITY, MEASURED IN $ / TON","TOTAL","NOT SPECIFIED","2,900",""
"SURVEY","2022","MAY","","NATIONAL","US TOTAL","","","","","","","","00000000","","HAZELNUTS","HAZELNUTS - PRICE RECEIVED, PARITY, MEASURED IN $ / TON","TOTAL","NOT SPECIFIED","8,400",""
"SURVEY","2022","MAY","","NATIONAL","US TOTAL","","","","","","","","00000000","","KIWIFRUIT","KIWIFRUIT - PRICE RECEIVED, PARITY, MEASURED IN $ / TON","TOTAL","NOT SPECIFIED","4,670",""
"SURVEY","2022","MAY","","NATIONAL","US TOTAL","","","","","","","","00000000","","LEMONS","LEMONS - PRICE RECEIVED, PARITY, MEASURED IN $ / BOX","TOTAL","NOT SPECIFIED","74.1",""
"SURVEY","2022","MAY","","NATIONAL","US TOTAL","","","","","","","","00000000","","LETTUCE","LETTUCE, HEAD - PRICE RECEIVED, PARITY, MEASURED IN $ / CWT","TOTAL","NOT SPECIFIED","97.1",""
"SURVEY","2022","MAY","","NATIONAL","US TOTAL","","","","","","","","00000000","","MELONS","MELONS, HONEYDEW - PRICE RECEIVED, PARITY, MEASURED IN $ / CWT","TOTAL","NOT SPECIFIED","76.3",""
"SURVEY","2022","MAY","","NATIONAL","US TOTAL","","","","","","","","00000000","","NECTARINES","NECTARINES, FRESH MARKET - PRICE RECEIVED, PARITY, MEASURED IN $ / TON","TOTAL","NOT SPECIFIED","3,070",""
"SURVEY","2022","MAY","","NATIONAL","US TOTAL","","","","","","","","00000000","","OLIVES","OLIVES, PROCESSING, CANNED - PRICE RECEIVED, PARITY, MEASURED IN $ / TON","TOTAL","NOT SPECIFIED","4,090",""
"SURVEY","2022","MAY","","NATIONAL","US TOTAL","","","","","","","","00000000","","ONIONS","ONIONS, DRY - PRICE RECEIVED, PARITY, MEASURED IN $ / CWT","TOTAL","NOT SPECIFIED","51.5",""
"SURVEY","2022","MAY","","NATIONAL","US TOTAL","","","","","","","","00000000","","ORANGES","ORANGES - PRICE RECEIVED, PARITY, MEASURED IN $ / BOX","TOTAL","NOT SPECIFIED","39.1",""
"SURVEY","2022","MAY","","NATIONAL","US TOTAL","","","","","","","","00000000","","PAPAYAS","PAPAYAS, FRESH MARKET - PRICE RECEIVED, PARITY, MEASURED IN $ / LB","TOTAL","NOT SPECIFIED","1.53",""
"SURVEY","2022","MAY","","NATIONAL","US TOTAL","","","","","","","","00000000","","PEACHES","PEACHES, FRESH MARKET - PRICE RECEIVED, PARITY, MEASURED IN $ / TON","TOTAL","NOT SPECIFIED","4,050",""
"SURVEY","2022","MAY","","NATIONAL","US TOTAL","","","","","","","","00000000","","PEARS","PEARS, FRESH MARKET - PRICE RECEIVED, PARITY, MEASURED IN $ / TON","TOTAL","NOT SPECIFIED","2,250",""
"SURVEY","2022","MAY","","NATIONAL","US TOTAL","","","","","","","","00000000","","PISTACHIOS","PISTACHIOS - PRICE RECEIVED, PARITY, MEASURED IN $ / LB","TOTAL","NOT SPECIFIED","9.23",""
"SURVEY","2022","MAY","","NATIONAL","US TOTAL","","","","","","","","00000000","","PLUMS","PLUMS, FRESH MARKET - PRICE RECEIVED, PARITY, MEASURED IN $ / TON","TOTAL","NOT SPECIFIED","3,120",""
"SURVEY","2022","MAY","","NATIONAL","US TOTAL","","","","","","","","00000000","","POTATOES","POTATOES, FRESH MARKET - PRICE RECEIVED, PARITY, MEASURED IN $ / CWT","TOTAL","NOT SPECIFIED","39.8",""
"SURVEY","2022","MAY","","NATIONAL","US TOTAL","","","","","","","","00000000","","STRAWBERRIES","STRAWBERRIES, FRESH MARKET - PRICE RECEIVED, PARITY, MEASURED IN $ / CWT","TOTAL","NOT SPECIFIED","372",""
"SURVEY","2022","MAY","","NATIONAL","US TOTAL","","","","","","","","00000000","","STRAWBERRIES","STRAWBERRIES, PROCESSING - PRICE RECEIVED, PARITY, MEASURED IN $ / CWT","TOTAL","NOT SPECIFIED","144",""
"SURVEY","2022","MAY","","NATIONAL","US TOTAL","","","","","","","","00000000","","SWEET POTATOES","SWEET POTATOES - PRICE RECEIVED, PARITY, MEASURED IN $ / CWT","TOTAL","NOT SPECIFIED","74.8",""
"SURVEY","2022","MAY","","NATIONAL","US TOTAL","","","","","","","","00000000","","TOMATOES","TOMATOES, FRESH MARKET - PRICE RECEIVED, PARITY, MEASURED IN $ / CWT","TOTAL","NOT SPECIFIED","149",""
"SURVEY","2022","MAY","","NATIONAL","US TOTAL","","","","","","","","00000000","","WALNUTS","WALNUTS, ENGLISH - PRICE RECEIVED, PARITY, MEASURED IN $ / TON","TOTAL","NOT SPECIFIED","8,210",""
"SURVEY","2022","NOV","","NATIONAL","US TOTAL","","","","","","","","00000000","","ALMONDS","ALMONDS - PRICE RECEIVED, PARITY, MEASURED IN $ / LB","TOTAL","NOT SPECIFIED","9.16",""
"SURVEY","2022","NOV","","NATIONAL","US TOTAL","","","","","","","","00000000","","APPLES","APPLES, FRESH MARKET - PRICE RECEIVED, PARITY, MEASURED IN $ / LB","TOTAL","NOT SPECIFIED","1.52",""
"SURVEY","2022","NOV","","NATIONAL","US TOTAL","","","","","","","","00000000","","APPLES","APPLES, PROCESSING - PRICE RECEIVED, PARITY, MEASURED IN $ / LB","TOTAL","NOT SPECIFIED","768",""
"SURVEY","2022","NOV","","NATIONAL","US TOTAL","","","","","","","","00000000","","APRICOTS","APRICOTS, FRESH MARKET - PRICE RECEIVED, PARITY, MEASURED IN $ / TON","TOTAL","NOT SPECIFIED","4,600",""
"SURVEY","2022","NOV","","NATIONAL","US TOTAL","","","","","","","","00000000","","APRICOTS","APRICOTS, PROCESSING - PRICE RECEIVED, PARITY, MEASURED IN $ / TON","TOTAL","NOT SPECIFIED","1,940",""
"SURVEY","2022","NOV","","NATIONAL","US TOTAL","","","","","","","","00000000","","ASPARAGUS","ASPARAGUS, FRESH MARKET - PRICE RECEIVED, PARITY, MEASURED IN $ / CWT","TOTAL","NOT SPECIFIED","438",""
"SURVEY","2022","NOV","","NATIONAL","US TOTAL","","","","","","","","00000000","","ASPARAGUS","ASPARAGUS, PROCESSING - PRICE RECEIVED, PARITY, MEASURED IN $ / TON","TOTAL","NOT SPECIFIED","5,490",""
"SURVEY","2022","NOV","","NATIONAL","US TOTAL","","","","","","","","00000000","","AVOCADOS","AVOCADOS - PRICE RECEIVED, PARITY, MEASURED IN $ / TON","TOTAL","NOT SPECIFIED","6,970",""
"SURVEY","2022","NOV","","NATIONAL","US TOTAL","","","","","","","","00000000","","BEANS","BEANS, SNAP, PROCESSING - PRICE RECEIVED, PARITY, MEASURED IN $ / CWT","TOTAL","NOT SPECIFIED","738",""
"SURVEY","2022","NOV","","NATIONAL","US TOTAL","","","","","","","","00000000","","BROCCOLI","BROCCOLI, FRESH MARKET - PRICE RECEIVED, PARITY, MEASURED IN $ / CWT","TOTAL","NOT SPECIFIED","158",""
"SURVEY","2022","NOV","","NATIONAL","US TOTAL","","","","","","","","00000000","","CARROTS","CARROTS, FRESH MARKET - PRICE RECEIVED, PARITY, MEASURED IN $ / CWT","TOTAL","NOT SPECIFIED","97.9",""
"SURVEY","2022","NOV","","NATIONAL","US TOTAL","","","","","","","","00000000","","CAULIFLOWER","CAULIFLOWER, FRESH MARKET - PRICE RECEIVED, PARITY, MEASURED IN $ / CWT","TOTAL","NOT SPECIFIED","156",""
"SURVEY","2022","NOV","","NATIONAL","US TOTAL","","","","","","","","00000000","","CELERY","CELERY, FRESH MARKET - PRICE RECEIVED, PARITY, MEASURED IN $ / CWT","TOTAL","NOT SPECIFIED","79",""
"SURVEY","2022","NOV","","NATIONAL","US TOTAL","","","","","","","","00000000","","CHERRIES","CHERRIES, SWEET - PRICE RECEIVED, PARITY, MEASURED IN $ / TON","TOTAL","NOT SPECIFIED","7,680",""
"SURVEY","2022","NOV","","NATIONAL","US TOTAL","","","","","","","","00000000","","CHERRIES","CHERRIES, TART - PRICE RECEIVED, PARITY, MEASURED IN $ / LB","TOTAL","NOT SPECIFIED","1.19",""
"SURVEY","2022","NOV","","NATIONAL","US TOTAL","","","","","","","","00000000","","CRANBERRIES","CRANBERRIES - PRICE RECEIVED, PARITY, MEASURED IN $ / BARREL","TOTAL","NOT SPECIFIED","119",""
"SURVEY","2022","NOV","","NATIONAL","US TOTAL","","","","","","","","00000000","","DATES","DATES - PRICE RECEIVED, PARITY, MEASURED IN $ / TON","TOTAL","NOT SPECIFIED","8,830",""
"SURVEY","2022","NOV","","NATIONAL","US TOTAL","","","","","","","","00000000","","GRAPEFRUIT","GRAPEFRUIT - PRICE RECEIVED, PARITY, MEASURED IN $ / BOX","TOTAL","NOT SPECIFIED","37.8",""
"SURVEY","2022","NOV","","NATIONAL","US TOTAL","","","","","","","","00000000","","GRAPES","GRAPES, WINE TYPE, PROCESSING - PRICE RECEIVED, PARITY, MEASURED IN $ / TON","TOTAL","NOT SPECIFIED","3,010",""
"SURVEY","2022","NOV","","NATIONAL","US TOTAL","","","","","","","","00000000","","HAZELNUTS","HAZELNUTS - PRICE RECEIVED, PARITY, MEASURED IN $ / TON","TOTAL","NOT SPECIFIED","8,270",""
"SURVEY","2022","NOV","","NATIONAL","US TOTAL","","","","","","","","00000000","","KIWIFRUIT","KIWIFRUIT - PRICE RECEIVED, PARITY, MEASURED IN $ / TON","TOTAL","NOT SPECIFIED","5,230",""
"SURVEY","2022","NOV","","NATIONAL","US TOTAL","","","","","","","","00000000","","LEMONS","LEMONS - PRICE RECEIVED, PARITY, MEASURED IN $ / BOX","TOTAL","NOT SPECIFIED","77.5",""
"SURVEY","2022","NOV","","NATIONAL","US TOTAL","","","","","","","","00000000","","LETTUCE","LETTUCE, HEAD - PRICE RECEIVED, PARITY, MEASURED IN $ / CWT","TOTAL","NOT SPECIFIED","97.9",""
"SURVEY","2022","NOV","","NATIONAL","US TOTAL","","","","","","","","00000000","","MELONS","MELONS, HONEYDEW - PRICE RECEIVED, PARITY, MEASURED IN $ / CWT","TOTAL","NOT SPECIFIED","77.9",""
"SURVEY","2022","NOV","","NATIONAL","US TOTAL","","","","","","","","00000000","","NECTARINES","NECTARINES, FRESH MARKET - PRICE RECEIVED, PARITY, MEASURED IN $ / TON","TOTAL","NOT SPECIFIED","3,260",""
"SURVEY","2022","NOV","","NATIONAL","US TOTAL","","","","","","","","00000000","","OLIVES","OLIVES, PROCESSING, (EXCL CRUSHED) - PRICE RECEIVED, PARITY, MEASURED IN $ / TON","TOTAL","NOT SPECIFIED","3,500",""
"SURVEY","2022","NOV","","NATIONAL","US TOTAL","","","","","","","","00000000","","OLIVES","OLIVES, PROCESSING, CANNED - PRICE RECEIVED, PARITY, MEASURED IN $ / TON","TOTAL","NOT SPECIFIED","4,040",""
"SURVEY","2022","NOV","","NATIONAL","US TOTAL","","","","","","","","00000000","","OLIVES","OLIVES, PROCESSING, CRUSHED - PRICE RECEIVED, PARITY, MEASURED IN $ / TON","TOTAL","NOT SPECIFIED","2,360",""
"SURVEY","2022","NOV","","NATIONAL","US TOTAL","","","","","","","","00000000","","ONIONS","ONIONS, DRY - PRICE RECEIVED, PARITY, MEASURED IN $ / CWT","TOTAL","NOT SPECIFIED","53.8",""
"SURVEY","2022","NOV","","NATIONAL","US TOTAL","","","","","","","","00000000","","ORANGES","ORANGES - PRICE RECEIVED, PARITY, MEASURED IN $ / BOX","TOTAL","NOT SPECIFIED","40.1",""
"SURVEY","2022","NOV","","NATIONAL","US TOTAL","","","","","","","","00000000","","PAPAYAS","PAPAYAS, FRESH MARKET - PRICE RECEIVED, PARITY, MEASURED IN $ / LB","TOTAL","NOT SPECIFIED","1.67",""
"SURVEY","2022","NOV","","NATIONAL","US TOTAL","","","","","","","","00000000","","PEACHES","PEACHES, FRESH MARKET - PRICE RECEIVED, PARITY, MEASURED IN $ / TON","TOTAL","NOT SPECIFIED","4,190",""
"SURVEY","2022","NOV","","NATIONAL","US TOTAL","","","","","","","","00000000","","PEARS","PEARS, FRESH MARKET - PRICE RECEIVED, PARITY, MEASURED IN $ / TON","TOTAL","NOT SPECIFIED","2,280",""
"SURVEY","2022","NOV","","NATIONAL","US TOTAL","","","","","","","","00000000","","PEAS","PEAS, GREEN, PROCESSING - PRICE RECEIVED, PARITY, MEASURED IN $ / TON","TOTAL","NOT SPECIFIED","1,080",""
"SURVEY","2022","NOV","","NATIONAL","US TOTAL","","","","","","","","00000000","","PECANS","PECANS - PRICE RECEIVED, PARITY, MEASURED IN $ / TON","TOTAL","NOT SPECIFIED","6.79",""
"SURVEY","2022","NOV","","NATIONAL","US TOTAL","","","","","","","","00000000","","PISTACHIOS","PISTACHIOS - PRICE RECEIVED, PARITY, MEASURED IN $ / LB","TOTAL","NOT SPECIFIED","9.39",""
"SURVEY","2022","NOV","","NATIONAL","US TOTAL","","","","","","","","00000000","","PLUMS","PLUMS, FRESH MARKET - PRICE RECEIVED, PARITY, MEASURED IN $ / TON","TOTAL","NOT SPECIFIED","3,370",""
"SURVEY","2022","NOV","","NATIONAL","US TOTAL","","","","","","","","00000000","","POTATOES","POTATOES, FRESH MARKET - PRICE RECEIVED, PARITY, MEASURED IN $ / CWT","TOTAL","NOT SPECIFIED","39.7",""
"SURVEY","2022","NOV","","NATIONAL","US TOTAL","","","","","","","","00000000","","PRUNES","PRUNES, PROCESSING - PRICE RECEIVED, PARITY, MEASURED IN $ / TON","TOTAL","NOT SPECIFIED","965",""
"SURVEY","2022","NOV","","NATIONAL","US TOTAL","","","","","","","","00000000","","PRUNES","PRUNES, PROCESSING, DRIED - PRICE RECEIVED, PARITY, MEASURED IN $ / TON, DRY BASIS","TOTAL","NOT SPECIFIED","6,830",""
"SURVEY","2022","NOV","","NATIONAL","US TOTAL","","","","","","","","00000000","","STRAWBERRIES","STRAWBERRIES, FRESH MARKET - PRICE RECEIVED, PARITY, MEASURED IN $ / CWT","TOTAL","NOT SPECIFIED","386",""
"SURVEY","2022","NOV","","NATIONAL","US TOTAL","","","","","","","","00000000","","STRAWBERRIES","STRAWBERRIES, PROCESSING - PRICE RECEIVED, PARITY, MEASURED IN $ / TON","TOTAL","NOT SPECIFIED","153",""
"SURVEY","2022","NOV","","NATIONAL","US TOTAL","","","","","","","","00000000","","SWEET CORN","SWEET CORN, FRESH MARKET - PRICE RECEIVED, PARITY, MEASURED IN $ / CWT","TOTAL","NOT SPECIFIED","106",""
"SURVEY","2022","NOV","","NATIONAL","US TOTAL","","","","","","","","00000000","","SWEET CORN","SWEET CORN, PROCESSING - PRICE RECEIVED, PARITY, MEASURED IN $ / TON","TOTAL","NOT SPECIFIED","335",""
"SURVEY","2022","NOV","","NATIONAL","US TOTAL","","","","","","","","00000000","","SWEET POTATOES","SWEET POTATOES - PRICE RECEIVED, PARITY, MEASURED IN $ / CWT","TOTAL","NOT SPECIFIED","76.1",""
"SURVEY","2022","NOV","","NATIONAL","US TOTAL","","","","","","","","00000000","","TANGERINES","TANGERINES - PRICE RECEIVED, PARITY, MEASURED IN $ / BOX","TOTAL","NOT SPECIFIED","79.4",""
"SURVEY","2022","NOV","","NATIONAL","US TOTAL","","","","","","","","00000000","","TOMATOES","TOMATOES, FRESH MARKET - PRICE RECEIVED, PARITY, MEASURED IN $ / CWT","TOTAL","NOT SPECIFIED","151",""
"SURVEY","2022","NOV","","NATIONAL","US TOTAL","","","","","","","","00000000","","TOMATOES","TOMATOES, PROCESSING - PRICE RECEIVED, PARITY, MEASURED IN $ / TON","TOTAL","NOT SPECIFIED","298",""
"SURVEY","2022","NOV","","NATIONAL","US TOTAL","","","","","","","","00000000","","WALNUTS","WALNUTS, ENGLISH - PRICE RECEIVED, PARITY, MEASURED IN $ / TON","TOTAL","NOT SPECIFIED","7,640",""
"SURVEY","2022","OCT","","NATIONAL","US TOTAL","","","","","","","","00000000","","ALMONDS","ALMONDS - PRICE RECEIVED, PARITY, MEASURED IN $ / LB","TOTAL","NOT SPECIFIED","9.16",""
"SURVEY","2022","OCT","","NATIONAL","US TOTAL","","","","","","","","00000000","","APPLES","APPLES, FRESH MARKET - PRICE RECEIVED, PARITY, MEASURED IN $ / LB","TOTAL","NOT SPECIFIED","1.52",""
"SURVEY","2022","OCT","","NATIONAL","US TOTAL","","","","","","","","00000000","","APPLES","APPLES, PROCESSING - PRICE RECEIVED, PARITY, MEASURED IN $ / LB","TOTAL","NOT SPECIFIED","768",""
"SURVEY","2022","OCT","","NATIONAL","US TOTAL","","","","","","","","00000000","","APRICOTS","APRICOTS, FRESH MARKET - PRICE RECEIVED, PARITY, MEASURED IN $ / TON","TOTAL","NOT SPECIFIED","4,600",""
"SURVEY","2022","OCT","","NATIONAL","US TOTAL","","","","","","","","00000000","","APRICOTS","APRICOTS, PROCESSING - PRICE RECEIVED, PARITY, MEASURED IN $ / TON","TOTAL","NOT SPECIFIED","1,940",""
"SURVEY","2022","OCT","","NATIONAL","US TOTAL","","","","","","","","00000000","","ASPARAGUS","ASPARAGUS, FRESH MARKET - PRICE RECEIVED, PARITY, MEASURED IN $ / CWT","TOTAL","NOT SPECIFIED","438",""
"SURVEY","2022","OCT","","NATIONAL","US TOTAL","","","","","","","","00000000","","ASPARAGUS","ASPARAGUS, PROCESSING - PRICE RECEIVED, PARITY, MEASURED IN $ / TON","TOTAL","NOT SPECIFIED","5,490",""
"SURVEY","2022","OCT","","NATIONAL","US TOTAL","","","","","","","","00000000","","AVOCADOS","AVOCADOS - PRICE RECEIVED, PARITY, MEASURED IN $ / TON","TOTAL","NOT SPECIFIED","6,970",""
"SURVEY","2022","OCT","","NATIONAL","US TOTAL","","","","","","","","00000000","","BEANS","BEANS, SNAP, PROCESSING - PRICE RECEIVED, PARITY, MEASURED IN $ / CWT","TOTAL","NOT SPECIFIED","738",""
"SURVEY","2022","OCT","","NATIONAL","US TOTAL","","","","","","","","00000000","","BROCCOLI","BROCCOLI, FRESH MARKET - PRICE RECEIVED, PARITY, MEASURED IN $ / CWT","TOTAL","NOT SPECIFIED","158",""
"SURVEY","2022","OCT","","NATIONAL","US TOTAL","","","","","","","","00000000","","CARROTS","CARROTS, FRESH MARKET - PRICE RECEIVED, PARITY, MEASURED IN $ / CWT","TOTAL","NOT SPECIFIED","97.9",""
"SURVEY","2022","OCT","","NATIONAL","US TOTAL","","","","","","","","00000000","","CAULIFLOWER","CAULIFLOWER, FRESH MARKET - PRICE RECEIVED, PARITY, MEASURED IN $ / CWT","TOTAL","NOT SPECIFIED","156",""
"SURVEY","2022","OCT","","NATIONAL","US TOTAL","","","","","","","","00000000","","CELERY","CELERY, FRESH MARKET - PRICE RECEIVED, PARITY, MEASURED IN $ / CWT","TOTAL","NOT SPECIFIED","79",""
"SURVEY","2022","OCT","","NATIONAL","US TOTAL","","","","","","","","00000000","","CHERRIES","CHERRIES, SWEET - PRICE RECEIVED, PARITY, MEASURED IN $ / TON","TOTAL","NOT SPECIFIED","7,680",""
"SURVEY","2022","OCT","","NATIONAL","US TOTAL","","","","","","","","00000000","","CHERRIES","CHERRIES, TART - PRICE RECEIVED, PARITY, MEASURED IN $ / LB","TOTAL","NOT SPECIFIED","1.19",""
"SURVEY","2022","OCT","","NATIONAL","US TOTAL","","","","","","","","00000000","","CRANBERRIES","CRANBERRIES - PRICE RECEIVED, PARITY, MEASURED IN $ / BARREL","TOTAL","NOT SPECIFIED","119",""
"SURVEY","2022","OCT","","NATIONAL","US TOTAL","","","","","","","","00000000","","DATES","DATES - PRICE RECEIVED, PARITY, MEASURED IN $ / TON","TOTAL","NOT SPECIFIED","8,830",""
"SURVEY","2022","OCT","","NATIONAL","US TOTAL","","","","","","","","00000000","","GRAPEFRUIT","GRAPEFRUIT - PRICE RECEIVED, PARITY, MEASURED IN $ / BOX","TOTAL","NOT SPECIFIED","37.8",""
"SURVEY","2022","OCT","","NATIONAL","US TOTAL","","","","","","","","00000000","","GRAPES","GRAPES, WINE TYPE, PROCESSING - PRICE RECEIVED, PARITY, MEASURED IN $ / TON","TOTAL","NOT SPECIFIED","3,000",""
"SURVEY","2022","OCT","","NATIONAL","US TOTAL","","","","","","","","00000000","","HAZELNUTS","HAZELNUTS - PRICE RECEIVED, PARITY, MEASURED IN $ / TON","TOTAL","NOT SPECIFIED","8,270",""
"SURVEY","2022","OCT","","NATIONAL","US TOTAL","","","","","","","","00000000","","KIWIFRUIT","KIWIFRUIT - PRICE RECEIVED, PARITY, MEASURED IN $ / TON","TOTAL","NOT SPECIFIED","5,230",""
"SURVEY","2022","OCT","","NATIONAL","US TOTAL","","","","","","","","00000000","","LEMONS","LEMONS - PRICE RECEIVED, PARITY, MEASURED IN $ / BOX","TOTAL","NOT SPECIFIED","77.5",""
"SURVEY","2022","OCT","","NATIONAL","US TOTAL","","","","","","","","00000000","","LETTUCE","LETTUCE, HEAD - PRICE RECEIVED, PARITY, MEASURED IN $ / CWT","TOTAL","NOT SPECIFIED","97.9",""
"SURVEY","2022","OCT","","NATIONAL","US TOTAL","","","","","","","","00000000","","MELONS","MELONS, HONEYDEW - PRICE RECEIVED, PARITY, MEASURED IN $ / CWT","TOTAL","NOT SPECIFIED","77.9",""
"SURVEY","2022","OCT","","NATIONAL","US TOTAL","","","","","","","","00000000","","NECTARINES","NECTARINES, FRESH MARKET - PRICE RECEIVED, PARITY, MEASURED IN $ / TON","TOTAL","NOT SPECIFIED","3,260",""
"SURVEY","2022","OCT","","NATIONAL","US TOTAL","","","","","","","","00000000","","OLIVES","OLIVES, PROCESSING, (EXCL CRUSHED) - PRICE RECEIVED, PARITY, MEASURED IN $ / TON","TOTAL","NOT SPECIFIED","3,500",""
"SURVEY","2022","OCT","","NATIONAL","US TOTAL","","","","","","","","00000000","","OLIVES","OLIVES, PROCESSING, CANNED - PRICE RECEIVED, PARITY, MEASURED IN $ / TON","TOTAL","NOT SPECIFIED","4,040",""
"SURVEY","2022","OCT","","NATIONAL","US TOTAL","","","","","","","","00000000","","OLIVES","OLIVES, PROCESSING, CRUSHED - PRICE RECEIVED, PARITY, MEASURED IN $ / TON","TOTAL","NOT SPECIFIED","2,360",""
"SURVEY","2022","OCT","","NATIONAL","US TOTAL","","","","","","","","00000000","","ONIONS","ONIONS, DRY - PRICE RECEIVED, PARITY, MEASURED IN $ / CWT","TOTAL","NOT SPECIFIED","53.8",""
"SURVEY","2022","OCT","","NATIONAL","US TOTAL","","","","","","","","00000000","","ORANGES","ORANGES - PRICE RECEIVED, PARITY, MEASURED IN $ / BOX","TOTAL","NOT SPECIFIED","40",""
"SURVEY","2022","OCT","","NATIONAL","US TOTAL","","","","","","","","00000000","","PAPAYAS","PAPAYAS, FRESH MARKET - PRICE RECEIVED, PARITY, MEASURED IN $ / LB","TOTAL","NOT SPECIFIED","1.67",""
"SURVEY","2022","OCT","","NATIONAL","US TOTAL","","","","","","","","00000000","","PEACHES","PEACHES, FRESH MARKET - PRICE RECEIVED, PARITY, MEASURED IN $ / TON","TOTAL","NOT SPECIFIED","4,190",""
"SURVEY","2022","OCT","","NATIONAL","US TOTAL","","","","","","","","00000000","","PEARS","PEARS, FRESH MARKET - PRICE RECEIVED, PARITY, MEASURED IN $ / TON","TOTAL","NOT SPECIFIED","2,280",""
"SURVEY","2022","OCT","","NATIONAL","US TOTAL","","","","","","","","00000000","","PEAS","PEAS, GREEN, PROCESSING - PRICE RECEIVED, PARITY, MEASURED IN $ / TON","TOTAL","NOT SPECIFIED","1,080",""
"SURVEY","2022","OCT","","NATIONAL","US TOTAL","","","","","","","","00000000","","PECANS","PECANS - PRICE RECEIVED, PARITY, MEASURED IN $ / TON","TOTAL","NOT SPECIFIED","6.79",""
"SURVEY","2022","OCT","","NATIONAL","US TOTAL","","","","","","","","00000000","","PISTACHIOS","PISTACHIOS - PRICE RECEIVED, PARITY, MEASURED IN $ / LB","TOTAL","NOT SPECIFIED","9.38",""
"SURVEY","2022","OCT","","NATIONAL","US TOTAL","","","","","","","","00000000","","PLUMS","PLUMS, FRESH MARKET - PRICE RECEIVED, PARITY, MEASURED IN $ / TON","TOTAL","NOT SPECIFIED","3,370",""
"SURVEY","2022","OCT","","NATIONAL","US TOTAL","","","","","","","","00000000","","POTATOES","POTATOES, FRESH MARKET - PRICE RECEIVED, PARITY, MEASURED IN $ / CWT","TOTAL","NOT SPECIFIED","39.7",""
"SURVEY","2022","OCT","","NATIONAL","US TOTAL","","","","","","","","00000000","","PRUNES","PRUNES, PROCESSING - PRICE RECEIVED, PARITY, MEASURED IN $ / TON","TOTAL","NOT SPECIFIED","964",""
"SURVEY","2022","OCT","","NATIONAL","US TOTAL","","","","","","","","00000000","","PRUNES","PRUNES, PROCESSING, DRIED - PRICE RECEIVED, PARITY, MEASURED IN $ / TON, DRY BASIS","TOTAL","NOT SPECIFIED","6,820",""
"SURVEY","2022","OCT","","NATIONAL","US TOTAL","","","","","","","","00000000","","STRAWBERRIES","STRAWBERRIES, FRESH MARKET - PRICE RECEIVED, PARITY, MEASURED IN $ / CWT","TOTAL","NOT SPECIFIED","386",""
"SURVEY","2022","OCT","","NATIONAL","US TOTAL","","","","","","","","00000000","","STRAWBERRIES","STRAWBERRIES, PROCESSING - PRICE RECEIVED, PARITY, MEASURED IN $ / TON","TOTAL","NOT SPECIFIED","153",""
"SURVEY","2022","OCT","","NATIONAL","US TOTAL","","","","","","","","00000000","","SWEET CORN","SWEET CORN, FRESH MARKET - PRICE RECEIVED, PARITY, MEASURED IN $ / CWT","TOTAL","NOT SPECIFIED","106",""
"SURVEY","2022","OCT","","NATIONAL","US TOTAL","","","","","","","","00000000","","SWEET CORN","SWEET CORN, PROCESSING - PRICE RECEIVED, PARITY, MEASURED IN $ / TON","TOTAL","NOT SPECIFIED","335",""
"SURVEY","2022","OCT","","NATIONAL","US TOTAL","","","","","","","","00000000","","SWEET POTATOES","SWEET POTATOES - PRICE RECEIVED, PARITY, MEASURED IN $ / CWT","TOTAL","NOT SPECIFIED","76",""
"SURVEY","2022","OCT","","NATIONAL","US TOTAL","","","","","","","","00000000","","TANGERINES","TANGERINES - PRICE RECEIVED, PARITY, MEASURED IN $ / BOX","TOTAL","NOT SPECIFIED","79.4",""
"SURVEY","2022","OCT","","NATIONAL","US TOTAL","","","","","","","","00000000","","TOMATOES","TOMATOES, FRESH MARKET - PRICE RECEIVED, PARITY, MEASURED IN $ / CWT","TOTAL","NOT SPECIFIED","151",""
"SURVEY","2022","OCT","","NATIONAL","US TOTAL","","","","","","","","00000000","","TOMATOES","TOMATOES, PROCESSING - PRICE RECEIVED, PARITY, MEASURED IN $ / TON","TOTAL","NOT SPECIFIED","297",""
"SURVEY","2022","OCT","","NATIONAL","US TOTAL","","","","","","","","00000000","","WALNUTS","WALNUTS, ENGLISH - PRICE RECEIVED, PARITY, MEASURED IN $ / TON","TOTAL","NOT SPECIFIED","7,640",""
"SURVEY","2022","SEP","","NATIONAL","US TOTAL","","","","","","","","00000000","","ALMONDS","ALMONDS - PRICE RECEIVED, PARITY, MEASURED IN $ / LB","TOTAL","NOT SPECIFIED","9.11",""
"SURVEY","2022","SEP","","NATIONAL","US TOTAL","","","","","","","","00000000","","APPLES","APPLES, FRESH MARKET - PRICE RECEIVED, PARITY, MEASURED IN $ / LB","TOTAL","NOT SPECIFIED","1.51",""
"SURVEY","2022","SEP","","NATIONAL","US TOTAL","","","","","","","","00000000","","APPLES","APPLES, PROCESSING - PRICE RECEIVED, PARITY, MEASURED IN $ / LB","TOTAL","NOT SPECIFIED","763",""
"SURVEY","2022","SEP","","NATIONAL","US TOTAL","","","","","","","","00000000","","APRICOTS","APRICOTS, FRESH MARKET - PRICE RECEIVED, PARITY, MEASURED IN $ / TON","TOTAL","NOT SPECIFIED","4,570",""
"SURVEY","2022","SEP","","NATIONAL","US TOTAL","","","","","","","","00000000","","APRICOTS","APRICOTS, PROCESSING - PRICE RECEIVED, PARITY, MEASURED IN $ / TON","TOTAL","NOT SPECIFIED","1,930",""
"SURVEY","2022","SEP","","NATIONAL","US TOTAL","","","","","","","","00000000","","ASPARAGUS","ASPARAGUS, FRESH MARKET - PRICE RECEIVED, PARITY, MEASURED IN $ / CWT","TOTAL","NOT SPECIFIED","435",""
"SURVEY","2022","SEP","","NATIONAL","US TOTAL","","","","","","","","00000000","","ASPARAGUS","ASPARAGUS, PROCESSING - PRICE RECEIVED, PARITY, MEASURED IN $ / TON","TOTAL","NOT SPECIFIED","5,460",""
"SURVEY","2022","SEP","","NATIONAL","US TOTAL","","","","","","","","00000000","","AVOCADOS","AVOCADOS - PRICE RECEIVED, PARITY, MEASURED IN $ / TON","TOTAL","NOT SPECIFIED","6,930",""
"SURVEY","2022","SEP","","NATIONAL","US TOTAL","","","","","","","","00000000","","BEANS","BEANS, SNAP, PROCESSING - PRICE RECEIVED, PARITY, MEASURED IN $ / CWT","TOTAL","NOT SPECIFIED","734",""
"SURVEY","2022","SEP","","NATIONAL","US TOTAL","","","","","","","","00000000","","BROCCOLI","BROCCOLI, FRESH MARKET - PRICE RECEIVED, PARITY, MEASURED IN $ / CWT","TOTAL","NOT SPECIFIED","157",""
"SURVEY","2022","SEP","","NATIONAL","US TOTAL","","","","","","","","00000000","","CARROTS","CARROTS, FRESH MARKET - PRICE RECEIVED, PARITY, MEASURED IN $ / CWT","TOTAL","NOT SPECIFIED","97.4",""
"SURVEY","2022","SEP","","NATIONAL","US TOTAL","","","","","","","","00000000","","CAULIFLOWER","CAULIFLOWER, FRESH MARKET - PRICE RECEIVED, PARITY, MEASURED IN $ / CWT","TOTAL","NOT SPECIFIED","155",""
"SURVEY","2022","SEP","","NATIONAL","US TOTAL","","","","","","","","00000000","","CELERY","CELERY, FRESH MARKET - PRICE RECEIVED, PARITY, MEASURED IN $ / CWT","TOTAL","NOT SPECIFIED","78.6",""
"SURVEY","2022","SEP","","NATIONAL","US TOTAL","","","","","","","","00000000","","CHERRIES","CHERRIES, SWEET - PRICE RECEIVED, PARITY, MEASURED IN $ / TON","TOTAL","NOT SPECIFIED","7,630",""
"SURVEY","2022","SEP","","NATIONAL","US TOTAL","","","","","","","","00000000","","CHERRIES","CHERRIES, TART - PRICE RECEIVED, PARITY, MEASURED IN $ / LB","TOTAL","NOT SPECIFIED","1.18",""
"SURVEY","2022","SEP","","NATIONAL","US TOTAL","","","","","","","","00000000","","CRANBERRIES","CRANBERRIES - PRICE RECEIVED, PARITY, MEASURED IN $ / BARREL","TOTAL","NOT SPECIFIED","118",""
"SURVEY","2022","SEP","","NATIONAL","US TOTAL","","","","","","","","00000000","","DATES","DATES - PRICE RECEIVED, PARITY, MEASURED IN $ / TON","TOTAL","NOT SPECIFIED","8,780",""
"SURVEY","2022","SEP","","NATIONAL","US TOTAL","","","","","","","","00000000","","GRAPEFRUIT","GRAPEFRUIT - PRICE RECEIVED, PARITY, MEASURED IN $ / BOX","TOTAL","NOT SPECIFIED","37.6",""
"SURVEY","2022","SEP","","NATIONAL","US TOTAL","","","","","","","","00000000","","GRAPES","GRAPES, WINE TYPE, PROCESSING - PRICE RECEIVED, PARITY, MEASURED IN $ / TON","TOTAL","NOT SPECIFIED","2,990",""
"SURVEY","2022","SEP","","NATIONAL","US TOTAL","","","","","","","","00000000","","HAZELNUTS","HAZELNUTS - PRICE RECEIVED, PARITY, MEASURED IN $ / TON","TOTAL","NOT SPECIFIED","8,220",""
"SURVEY","2022","SEP","","NATIONAL","US TOTAL","","","","","","","","00000000","","KIWIFRUIT","KIWIFRUIT - PRICE RECEIVED, PARITY, MEASURED IN $ / TON","TOTAL","NOT SPECIFIED","5,200",""
"SURVEY","2022","SEP","","NATIONAL","US TOTAL","","","","","","","","00000000","","LEMONS","LEMONS - PRICE RECEIVED, PARITY, MEASURED IN $ / BOX","TOTAL","NOT SPECIFIED","77.1",""
"SURVEY","2022","SEP","","NATIONAL","US TOTAL","","","","","","","","00000000","","LETTUCE","LETTUCE, HEAD - PRICE RECEIVED, PARITY, MEASURED IN $ / CWT","TOTAL","NOT SPECIFIED","97.4",""
"SURVEY","2022","SEP","","NATIONAL","US TOTAL","","","","","","","","00000000","","MELONS","MELONS, HONEYDEW - PRICE RECEIVED, PARITY, MEASURED IN $ / CWT","TOTAL","NOT SPECIFIED","77.4",""
"SURVEY","2022","SEP","","NATIONAL","US TOTAL","","","","","","","","00000000","","NECTARINES","NECTARINES, FRESH MARKET - PRICE RECEIVED, PARITY, MEASURED IN $ / TON","TOTAL","NOT SPECIFIED","3,240",""
"SURVEY","2022","SEP","","NATIONAL","US TOTAL","","","","","","","","00000000","","OLIVES","OLIVES, PROCESSING, (EXCL CRUSHED) - PRICE RECEIVED, PARITY, MEASURED IN $ / TON","TOTAL","NOT SPECIFIED","3,480",""
"SURVEY","2022","SEP","","NATIONAL","US TOTAL","","","","","","","","00000000","","OLIVES","OLIVES, PROCESSING, CANNED - PRICE RECEIVED, PARITY, MEASURED IN $ / TON","TOTAL","NOT SPECIFIED","4,020",""
"SURVEY","2022","SEP","","NATIONAL","US TOTAL","","","","","","","","00000000","","OLIVES","OLIVES, PROCESSING, CRUSHED - PRICE RECEIVED, PARITY, MEASURED IN $ / TON","TOTAL","NOT SPECIFIED","2,350",""
"SURVEY","2022","SEP","","NATIONAL","US TOTAL","","","","","","","","00000000","","ONIONS","ONIONS, DRY - PRICE RECEIVED, PARITY, MEASURED IN $ / CWT","TOTAL","NOT SPECIFIED","53.5",""
"SURVEY","2022","SEP","","NATIONAL","US TOTAL","","","","","","","","00000000","","ORANGES","ORANGES - PRICE RECEIVED, PARITY, MEASURED IN $ / BOX","TOTAL","NOT SPECIFIED","39.8",""
"SURVEY","2022","SEP","","NATIONAL","US TOTAL","","","","","","","","00000000","","PAPAYAS","PAPAYAS, FRESH MARKET - PRICE RECEIVED, PARITY, MEASURED IN $ / LB","TOTAL","NOT SPECIFIED","1.66",""
"SURVEY","2022","SEP","","NATIONAL","US TOTAL","","","","","","","","00000000","","PEACHES","PEACHES, FRESH MARKET - PRICE RECEIVED, PARITY, MEASURED IN $ / TON","TOTAL","NOT SPECIFIED","4,170",""
"SURVEY","2022","SEP","","NATIONAL","US TOTAL","","","","","","","","00000000","","PEARS","PEARS, FRESH MARKET - PRICE RECEIVED, PARITY, MEASURED IN $ / TON","TOTAL","NOT SPECIFIED","2,270",""
"SURVEY","2022","SEP","","NATIONAL","US TOTAL","","","","","","","","00000000","","PEAS","PEAS, GREEN, PROCESSING - PRICE RECEIVED, PARITY, MEASURED IN $ / TON","TOTAL","NOT SPECIFIED","1,070",""
"SURVEY","2022","SEP","","NATIONAL","US TOTAL","","","","","","","","00000000","","PECANS","PECANS - PRICE RECEIVED, PARITY, MEASURED IN $ / TON","TOTAL","NOT SPECIFIED","6.75",""
"SURVEY","2022","SEP","","NATIONAL","US TOTAL","","","","","","","","00000000","","PISTACHIOS","PISTACHIOS - PRICE RECEIVED, PARITY, MEASURED IN $ / LB","TOTAL","NOT SPECIFIED","9.33",""
"SURVEY","2022","SEP","","NATIONAL","US TOTAL","","","","","","","","00000000","","PLUMS","PLUMS, FRESH MARKET - PRICE RECEIVED, PARITY, MEASURED IN $ / TON","TOTAL","NOT SPECIFIED","3,350",""
"SURVEY","2022","SEP","","NATIONAL","US TOTAL","","","","","","","","00000000","","POTATOES","POTATOES, FRESH MARKET - PRICE RECEIVED, PARITY, MEASURED IN $ / CWT","TOTAL","NOT SPECIFIED","39.5",""
"SURVEY","2022","SEP","","NATIONAL","US TOTAL","","","","","","","","00000000","","PRUNES","PRUNES, PROCESSING - PRICE RECEIVED, PARITY, MEASURED IN $ / TON","TOTAL","NOT SPECIFIED","959",""
"SURVEY","2022","SEP","","NATIONAL","US TOTAL","","","","","","","","00000000","","PRUNES","PRUNES, PROCESSING, DRIED - PRICE RECEIVED, PARITY, MEASURED IN $ / TON, DRY BASIS","TOTAL","NOT SPECIFIED","6,790",""
"SURVEY","2022","SEP","","NATIONAL","US TOTAL","","","","","","","","00000000","","STRAWBERRIES","STRAWBERRIES, FRESH MARKET - PRICE RECEIVED, PARITY, MEASURED IN $ / CWT","TOTAL","NOT SPECIFIED","384",""
"SURVEY","2022","SEP","","NATIONAL","US TOTAL","","","","","","","","00000000","","STRAWBERRIES","STRAWBERRIES, PROCESSING - PRICE RECEIVED, PARITY, MEASURED IN $ / TON","TOTAL","NOT SPECIFIED","152",""
"SURVEY","2022","SEP","","NATIONAL","US TOTAL","","","","","","","","00000000","","SWEET CORN","SWEET CORN, FRESH MARKET - PRICE RECEIVED, PARITY, MEASURED IN $ / CWT","TOTAL","NOT SPECIFIED","105",""
"SURVEY","2022","SEP","","NATIONAL","US TOTAL","","","","","","","","00000000","","SWEET CORN","SWEET CORN, PROCESSING - PRICE RECEIVED, PARITY, MEASURED IN $ / TON","TOTAL","NOT SPECIFIED","333",""
"SURVEY","2022","SEP","","NATIONAL","US TOTAL","","","","","","","","00000000","","SWEET POTATOES","SWEET POTATOES - PRICE RECEIVED, PARITY, MEASURED IN $ / CWT","TOTAL","NOT SPECIFIED","75.6",""
"SURVEY","2022","SEP","","NATIONAL","US TOTAL","","","","","","","","00000000","","TANGERINES","TANGERINES - PRICE RECEIVED, PARITY, MEASURED IN $ / BOX","TOTAL","NOT SPECIFIED","78.9",""
"SURVEY","2022","SEP","","NATIONAL","US TOTAL","","","","","","","","00000000","","TOMATOES","TOMATOES, FRESH MARKET - PRICE RECEIVED, PARITY, MEASURED IN $ / CWT","TOTAL","NOT SPECIFIED","150",""
"SURVEY","2022","SEP","","NATIONAL","US TOTAL","","","","","","","","00000000","","TOMATOES","TOMATOES, PROCESSING - PRICE RECEIVED, PARITY, MEASURED IN $ / TON","TOTAL","NOT SPECIFIED","296",""
"SURVEY","2022","SEP","","NATIONAL","US TOTAL","","","","","","","","00000000","","WALNUTS","WALNUTS, ENGLISH - PRICE RECEIVED, PARITY, MEASURED IN $ / TON","TOTAL","NOT SPECIFIED","7,600",""
